"","species","angle","dist","Body_mass_g","angles_rad"
"1","rat",38,1.24,282.17,0.663225115757845
"2","agouti",29,2.13,2309.12,0.506145483078356
"3","agouti",29,0.44,2309.12,0.506145483078356
"4","agouti",15,1.65,2309.12,0.261799387799149
"5","paca",10,0.47,8172.55,0.174532925199433
"6","brocket",8,0.6,20546.86,0.139626340159546
"7","rat",7,1,282.17,0.122173047639603
"8","agouti",2,0.92,2309.12,0.0349065850398866
"9","coati",0,1.72,3775.5,0
"10","coati",0,1.64,3775.5,0
"11","agouti",-2,2.4,2309.12,0.0349065850398866
"12","agouti",-4,0.82,2309.12,0.0698131700797732
"14","squirrel",-10,0.9,545.4,0.174532925199433
"15","agouti",-27,1.63,2309.12,0.471238898038469
"16","squirrel",-38,1.35,545.4,0.663225115757845
"22","squirrel",37,1.72,545.4,0.645771823237902
"23","agouti",36,3.9,2309.12,0.628318530717959
"24","agouti",34,2.1,2309.12,0.593411945678072
"25","ocelot",34,2.55,11880,0.593411945678072
"26","paca",34,2.89,8172.55,0.593411945678072
"27","agouti",33,3.33,2309.12,0.575958653158129
"28","agouti",32,0.67,2309.12,0.558505360638185
"29","rat",31,0.73,282.17,0.541052068118242
"30","agouti",28,2.04,2309.12,0.488692190558412
"31","tamandua",28,4.35,4800,0.488692190558412
"32","agouti",26,0.88,2309.12,0.453785605518526
"33","tamandua",26,1.46,4800,0.453785605518526
"34","coati",26,1.34,3775.5,0.453785605518526
"35","agouti",23,1.88,2309.12,0.401425727958696
"36","agouti",22,2.28,2309.12,0.383972435438752
"37","paca",22,3.15,8172.55,0.383972435438752
"38","agouti",21,4.82,2309.12,0.366519142918809
"39","agouti",19,2.32,2309.12,0.331612557878923
"40","agouti",18,0.85,2309.12,0.314159265358979
"41","rat",18,1.47,282.17,0.314159265358979
"42","agouti",17,1.68,2309.12,0.296705972839036
"43","rat",14,1.6,282.17,0.244346095279206
"44","agouti",13,3.9,2309.12,0.226892802759263
"45","agouti",12,2.1,2309.12,0.20943951023932
"46","agouti",12,1.36,2309.12,0.20943951023932
"47","agouti",11,4.1,2309.12,0.191986217719376
"48","agouti",10,2.79,2309.12,0.174532925199433
"49","paca",9,2.52,8172.55,0.15707963267949
"50","peccary",8,2.58,21133.69,0.139626340159546
"51","agouti",7,2.51,2309.12,0.122173047639603
"52","rat",7,1.71,282.17,0.122173047639603
"53","agouti",7,1.3,2309.12,0.122173047639603
"54","agouti",7,2.15,2309.12,0.122173047639603
"55","agouti",7,2.08,2309.12,0.122173047639603
"56","agouti",6.166,1.41,2309.12,0.10761700167797
"57","tamandua",6,0.3,4800,0.10471975511966
"58","agouti",6,3.26,2309.12,0.10471975511966
"59","agouti",5,2.61,2309.12,0.0872664625997165
"60","agouti",4,2.55,2309.12,0.0698131700797732
"61","agouti",4,3.08,2309.12,0.0698131700797732
"62","coati",4,2,3775.5,0.0698131700797732
"63","peccary",3.52,3.52,21133.69,0.0614355896702004
"64","rat",3,1.5,282.17,0.0523598775598299
"65","agouti",2,0.58,2309.12,0.0349065850398866
"66","agouti",2,1.28,2309.12,0.0349065850398866
"69","ocelot",0,0.88,11880,0
"70","agouti",0,0.93,2309.12,0
"71","rat",0,1.08,282.17,0
"72","agouti",0,1.6,2309.12,0
"73","agouti",0,0.89,2309.12,0
"74","coati",0,2.45,3775.5,0
"75","ocelot",0,2.44,11880,0
"76","agouti",0,1.37,2309.12,0
"77","ocelot",0,1.23,11880,0
"78","agouti",0,1.34,2309.12,0
"79","ocelot",0,1.7,11880,0
"80","agouti",0,1.57,2309.12,0
"81","coati",0,4.5,3775.5,0
"82","paca",-1,2.35,8172.55,0.0174532925199433
"83","agouti",-2,1.02,2309.12,0.0349065850398866
"84","agouti",-2,1.5,2309.12,0.0349065850398866
"85","agouti",-2,1.72,2309.12,0.0349065850398866
"86","agouti",-2,1.41,2309.12,0.0349065850398866
"87","agouti",-4,1.34,2309.12,0.0698131700797732
"88","ocelot",-4,2.15,11880,0.0698131700797732
"89","agouti",-4,2.27,2309.12,0.0698131700797732
"90","squirrel",-5,2.3,545.4,0.0872664625997165
"91","brocket",-6,1.73,20546.86,0.10471975511966
"92","peccary",-7,3.26,21133.69,0.122173047639603
"93","agouti",-7,2.98,2309.12,0.122173047639603
"94","paca",-7,4.1,8172.55,0.122173047639603
"95","agouti",-8,1.24,2309.12,0.139626340159546
"96","agouti",-8,2.25,2309.12,0.139626340159546
"97","agouti",-8,1.35,2309.12,0.139626340159546
"98","tamandua",-8,1.2,4800,0.139626340159546
"99","agouti",-8,1.91,2309.12,0.139626340159546
"100","rat",-9,2.9,282.17,0.15707963267949
"101","mouse",-10,1.08,19.3,0.174532925199433
"102","brocket",-10,1.9,20546.86,0.174532925199433
"103","agouti",-11,5.35,2309.12,0.191986217719376
"104","paca",-11,2.68,8172.55,0.191986217719376
"105","agouti",-11,3.68,2309.12,0.191986217719376
"106","agouti",-12,2.46,2309.12,0.20943951023932
"107","squirrel",-12,1.35,545.4,0.20943951023932
"108","agouti",-13,1.1,2309.12,0.226892802759263
"109","agouti",-13,1.6,2309.12,0.226892802759263
"110","agouti",-15,3.72,2309.12,0.261799387799149
"111","agouti",-15,1.43,2309.12,0.261799387799149
"112","armadillo",-15,2.15,3949.01,0.261799387799149
"113","agouti",-15,1.1,2309.12,0.261799387799149
"114","agouti",-16,3.15,2309.12,0.279252680319093
"115","agouti",-16,2.25,2309.12,0.279252680319093
"116","agouti",-17,1.78,2309.12,0.296705972839036
"117","brocket",-17,3.2,20546.86,0.296705972839036
"118","coati",-19,1.43,3775.5,0.331612557878923
"119","agouti",-19,1.71,2309.12,0.331612557878923
"120","brocket",-20,1.68,20546.86,0.349065850398866
"121","agouti",-22,1.43,2309.12,0.383972435438752
"122","ocelot",-22,1.84,11880,0.383972435438752
"123","agouti",-24,3.4,2309.12,0.418879020478639
"124","agouti",-25,0.42,2309.12,0.436332312998582
"125","paca",-26,3.36,8172.55,0.453785605518526
"126","agouti",-26,2.29,2309.12,0.453785605518526
"127","agouti",-27,3.85,2309.12,0.471238898038469
"128","agouti",-28,2.68,2309.12,0.488692190558412
"129","rat",-28,0.72,282.17,0.488692190558412
"130","squirrel",-30,0.67,545.4,0.523598775598299
"132","rat",-31,2.58,282.17,0.541052068118242
"133","agouti",-32,1.79,2309.12,0.558505360638185
"134","agouti",-32,2.15,2309.12,0.558505360638185
"135","mouse",-33,0.61,19.3,0.575958653158129
"136","agouti",-36,2.56,2309.12,0.628318530717959
"161","rat",42,0.44,282.17,0.733038285837618
"162","peccary",42,1.35,21133.69,0.733038285837618
"163","squirrel",38,1.12,545.4,0.663225115757845
"164","agouti",38,0.52,2309.12,0.663225115757845
"165","rat",32,0.75,282.17,0.558505360638185
"166","squirrel",32,1.7,545.4,0.558505360638185
"167","paca",32,0.94,8172.55,0.558505360638185
"168","agouti",31,0.58,2309.12,0.541052068118242
"169","agouti",31,1.98,2309.12,0.541052068118242
"170","rat",29,1.11,282.17,0.506145483078356
"171","rat",28,0.64,282.17,0.488692190558412
"172","squirrel",28,1.65,545.4,0.488692190558412
"173","rat",27,1.56,282.17,0.471238898038469
"174","agouti",26,1.48,2309.12,0.453785605518526
"175","coati",26,1.12,3775.5,0.453785605518526
"176","agouti",25,3.45,2309.12,0.436332312998582
"177","peccary",24,1.48,21133.69,0.418879020478639
"178","paca",23,3.16,8172.55,0.401425727958696
"180","mouse",23,1.72,19.3,0.401425727958696
"181","agouti",23,1.7,2309.12,0.401425727958696
"182","agouti",22,0.94,2309.12,0.383972435438752
"183","agouti",21,1.28,2309.12,0.366519142918809
"184","brocket",20,5.9,20546.86,0.349065850398866
"185","coati",19,1.44,3775.5,0.331612557878923
"186","agouti",18,1.14,2309.12,0.314159265358979
"187","paca",17,2.83,8172.55,0.296705972839036
"188","agouti",16,2.45,2309.12,0.279252680319093
"189","peccary",16,3.8,21133.69,0.279252680319093
"190","agouti",15,4.19,2309.12,0.261799387799149
"191","agouti",14,2.05,2309.12,0.244346095279206
"192","coati",14,3.17,3775.5,0.244346095279206
"193","agouti",13,1.42,2309.12,0.226892802759263
"194","coati",12,1.8,3775.5,0.20943951023932
"195","peccary",12,3,21133.69,0.20943951023932
"196","rat",11,1.31,282.17,0.191986217719376
"197","agouti",11,2.98,2309.12,0.191986217719376
"198","agouti",10,0.87,2309.12,0.174532925199433
"199","squirrel",10,0.02,545.4,0.174532925199433
"200","agouti",10,1.57,2309.12,0.174532925199433
"201","agouti",9,4.15,2309.12,0.15707963267949
"202","agouti",8,1.5,2309.12,0.139626340159546
"203","brocket",8,1.35,20546.86,0.139626340159546
"204","agouti",8,2.47,2309.12,0.139626340159546
"205","rat",7,1.41,282.17,0.122173047639603
"206","agouti",7,1.46,2309.12,0.122173047639603
"207","agouti",7,3.35,2309.12,0.122173047639603
"208","peccary",7,3.8,21133.69,0.122173047639603
"209","agouti",7,1.75,2309.12,0.122173047639603
"210","paca",7,2.37,8172.55,0.122173047639603
"211","agouti",6,1.06,2309.12,0.10471975511966
"212","mouse",5,0.8,19.3,0.0872664625997165
"213","agouti",5,0.84,2309.12,0.0872664625997165
"214","ocelot",5,4.42,11880,0.0872664625997165
"215","peccary",5,2.51,21133.69,0.0872664625997165
"216","agouti",4,0.68,2309.12,0.0698131700797732
"217","agouti",4,2.37,2309.12,0.0698131700797732
"218","agouti",4,3.2,2309.12,0.0698131700797732
"219","agouti",2,1.97,2309.12,0.0349065850398866
"220","coati",2,1.15,3775.5,0.0349065850398866
"221","agouti",2,1.34,2309.12,0.0349065850398866
"222","armadillo",2,1.76,3949.01,0.0349065850398866
"223","agouti",1,0.64,2309.12,0.0174532925199433
"224","rat",0,1,282.17,0
"225","agouti",0,1.5,2309.12,0
"226","paca",0,1.72,8172.55,0
"227","agouti",0,2,2309.12,0
"229","coati",0,0.83,3775.5,0
"230","agouti",0,0.94,2309.12,0
"231","paca",0,3.08,8172.55,0
"232","coati",0,2.42,3775.5,0
"233","agouti",0,0.76,2309.12,0
"234","agouti",0,1.13,2309.12,0
"235","paca",0,1.45,8172.55,0
"236","paca",0,1.12,8172.55,0
"237","agouti",0,1.45,2309.12,0
"238","agouti",0,3.82,2309.12,0
"239","agouti",0,0.92,2309.12,0
"240","ocelot",0,1.3,11880,0
"241","peccary",0,4.35,21133.69,0
"242","armadillo",0,2.3,3949.01,0
"243","ocelot",0,4.2,11880,0
"244","agouti",0,1.65,2309.12,0
"245","agouti",0,3.2,2309.12,0
"246","agouti",0,2.3,2309.12,0
"247","armadillo",0,0.92,3949.01,0
"248","agouti",-1,1.08,2309.12,0.0174532925199433
"249","coati",-1,1.34,3775.5,0.0174532925199433
"250","agouti",-1,0.98,2309.12,0.0174532925199433
"251","agouti",-1,2.1,2309.12,0.0174532925199433
"252","agouti",-2,2.9,2309.12,0.0349065850398866
"253","paca",-2,0.6,8172.55,0.0349065850398866
"254","agouti",-2,1.41,2309.12,0.0349065850398866
"255","agouti",-2,1.16,2309.12,0.0349065850398866
"256","paca",-2,4.32,8172.55,0.0349065850398866
"257","peccary",-2,4.7,21133.69,0.0349065850398866
"258","paca",-3,0.52,8172.55,0.0523598775598299
"259","paca",-3,1.64,8172.55,0.0523598775598299
"260","squirrel",-3,1.6,545.4,0.0523598775598299
"261","agouti",-3,1.52,2309.12,0.0523598775598299
"262","agouti",-4,1.84,2309.12,0.0698131700797732
"263","agouti",-4,2.27,2309.12,0.0698131700797732
"264","coati",-4,2.14,3775.5,0.0698131700797732
"265","agouti",-4,4.6,2309.12,0.0698131700797732
"266","agouti",-5,0.35,2309.12,0.0872664625997165
"267","agouti",-5,2.1,2309.12,0.0872664625997165
"268","agouti",-5,1.9,2309.12,0.0872664625997165
"269","coati",-5,0.89,3775.5,0.0872664625997165
"270","agouti",-5,1.43,2309.12,0.0872664625997165
"271","paca",-5,0.6,8172.55,0.0872664625997165
"272","agouti",-5,1.92,2309.12,0.0872664625997165
"273","agouti",-6,2.3,2309.12,0.10471975511966
"274","paca",-6,1.66,8172.55,0.10471975511966
"275","agouti",-6,0.84,2309.12,0.10471975511966
"276","agouti",-6,1.68,2309.12,0.10471975511966
"277","agouti",-6,1.65,2309.12,0.10471975511966
"278","agouti",-6,4.12,2309.12,0.10471975511966
"279","squirrel",-7,2.44,545.4,0.122173047639603
"280","armadillo",-8,0.95,3949.01,0.139626340159546
"281","tamandua",-8,1.31,4800,0.139626340159546
"282","agouti",-8,2.01,2309.12,0.139626340159546
"283","agouti",-9,3.4,2309.12,0.15707963267949
"284","paca",-10,0.85,8172.55,0.174532925199433
"285","agouti",-10,2.01,2309.12,0.174532925199433
"286","agouti",-10,0.94,2309.12,0.174532925199433
"287","rat",-11,0.52,282.17,0.191986217719376
"288","agouti",-11,2.3,2309.12,0.191986217719376
"289","agouti",-11,1.98,2309.12,0.191986217719376
"290","mouse",-12,1.26,19.3,0.20943951023932
"291","agouti",-14,1.11,2309.12,0.244346095279206
"292","rat",-15,1.56,282.17,0.261799387799149
"293","armadillo",-15,3.6,3949.01,0.261799387799149
"294","agouti",-15,2.63,2309.12,0.261799387799149
"295","agouti",-16,1.52,2309.12,0.279252680319093
"296","agouti",-17,2.36,2309.12,0.296705972839036
"297","agouti",-18,2.12,2309.12,0.314159265358979
"298","paca",-18,1.84,8172.55,0.314159265358979
"299","agouti",-18,0.96,2309.12,0.314159265358979
"300","agouti",-19,1.58,2309.12,0.331612557878923
"301","agouti",-21,1.84,2309.12,0.366519142918809
"302","squirrel",-21,0.73,545.4,0.366519142918809
"303","agouti",-21,3.2,2309.12,0.366519142918809
"304","agouti",-22,1.88,2309.12,0.383972435438752
"305","peccary",-22,2.73,21133.69,0.383972435438752
"306","agouti",-23,1.3,2309.12,0.401425727958696
"307","peccary",-23,0.65,21133.69,0.401425727958696
"309","opossum",-24,1.51,1134.75,0.418879020478639
"310","agouti",-25,1.23,2309.12,0.436332312998582
"311","agouti",-25,1.37,2309.12,0.436332312998582
"312","paca",-26,1.94,8172.55,0.453785605518526
"313","squirrel",-27,1.67,545.4,0.471238898038469
"314","agouti",-27,2.49,2309.12,0.471238898038469
"315","peccary",-28,3.2,21133.69,0.488692190558412
"316","rat",-28,2.05,282.17,0.488692190558412
"317","armadillo",-29,2.25,3949.01,0.506145483078356
"318","agouti",-29,2.45,2309.12,0.506145483078356
"319","peccary",-31,2.31,21133.69,0.541052068118242
"320","coati",-31,1.21,3775.5,0.541052068118242
"321","agouti",-31,2.34,2309.12,0.541052068118242
"322","brocket",-34,5.25,20546.86,0.593411945678072
"323","paca",-38,2.3,8172.55,0.663225115757845
"324","agouti",-40,0.32,2309.12,0.698131700797732
"325","paca",-42,0.46,8172.55,0.733038285837618
"344","peccary",42,1.39,21133.69,0.733038285837618
"345","agouti",42,2.87,2309.12,0.733038285837618
"346","brocket",40,0.3,20546.86,0.698131700797732
"347","agouti",39,0.68,2309.12,0.680678408277788
"348","squirrel",37,2.69,545.4,0.645771823237902
"349","rat",34,0.62,282.17,0.593411945678072
"350","agouti",34,1.35,2309.12,0.593411945678072
"351","paca",33,1.59,8172.55,0.575958653158129
"352","agouti",31,2.35,2309.12,0.541052068118242
"353","squirrel",31,3.84,545.4,0.541052068118242
"354","agouti",31,1.78,2309.12,0.541052068118242
"355","squirrel",27,2.16,545.4,0.471238898038469
"356","agouti",27,0.89,2309.12,0.471238898038469
"357","agouti",27,1.44,2309.12,0.471238898038469
"358","agouti",27,2.28,2309.12,0.471238898038469
"359","agouti",25,3.26,2309.12,0.436332312998582
"360","peccary",24,2.08,21133.69,0.418879020478639
"361","paca",21,2.65,8172.55,0.366519142918809
"362","agouti",18,0.88,2309.12,0.314159265358979
"363","agouti",18,2.08,2309.12,0.314159265358979
"364","paca",18,1.18,8172.55,0.314159265358979
"365","rat",18,0.82,282.17,0.314159265358979
"366","paca",15,2.6,8172.55,0.261799387799149
"367","agouti",15,1.98,2309.12,0.261799387799149
"368","agouti",13,1.22,2309.12,0.226892802759263
"369","mouse",11,1.41,19.3,0.191986217719376
"370","agouti",11,1.78,2309.12,0.191986217719376
"371","agouti",11,2,2309.12,0.191986217719376
"372","agouti",11,1.04,2309.12,0.191986217719376
"373","armadillo",10,0.68,3949.01,0.174532925199433
"374","paca",9,1.52,8172.55,0.15707963267949
"375","agouti",8,1.65,2309.12,0.139626340159546
"376","agouti",8,2.45,2309.12,0.139626340159546
"377","brocket",8,2.1,20546.86,0.139626340159546
"378","agouti",7,1.72,2309.12,0.122173047639603
"379","agouti",7,1.93,2309.12,0.122173047639603
"380","peccary",6,5.1,21133.69,0.10471975511966
"381","agouti",5,2.77,2309.12,0.0872664625997165
"383","ocelot",4,2.15,11880,0.0698131700797732
"384","agouti",3,1.6,2309.12,0.0523598775598299
"385","mouse",3,1.76,19.3,0.0523598775598299
"386","agouti",3,1.3,2309.12,0.0523598775598299
"387","brocket",3,1.9,20546.86,0.0523598775598299
"388","agouti",2,2.18,2309.12,0.0349065850398866
"389","agouti",2,0.98,2309.12,0.0349065850398866
"390","agouti",2,4.68,2309.12,0.0349065850398866
"391","brocket",1,1.59,20546.86,0.0174532925199433
"392","mouse",0,0.84,19.3,0
"393","ocelot",0,0.74,11880,0
"394","coati",0,1.71,3775.5,0
"395","agouti",0,1.62,2309.12,0
"396","peccary",0,2.53,21133.69,0
"397","agouti",0,2.94,2309.12,0
"398","agouti",0,1.69,2309.12,0
"399","coati",0,1.85,3775.5,0
"400","agouti",0,3.1,2309.12,0
"401","agouti",0,2.7,2309.12,0
"402","agouti",0,4,2309.12,0
"403","ocelot",0,0.91,11880,0
"404","coati",0,2.9,3775.5,0
"405","agouti",0,3.9,2309.12,0
"406","brocket",0,0.5,20546.86,0
"407","brocket",0,1.58,20546.86,0
"408","squirrel",-1,2.73,545.4,0.0174532925199433
"409","tamandua",-1,1.1,4800,0.0174532925199433
"410","agouti",-1,2.23,2309.12,0.0174532925199433
"411","ocelot",-1,1.42,11880,0.0174532925199433
"412","mouse",-1,2.1,19.3,0.0174532925199433
"413","agouti",-1,1.12,2309.12,0.0174532925199433
"414","agouti",-1,1.3,2309.12,0.0174532925199433
"415","agouti",-1,0.9,2309.12,0.0174532925199433
"416","rat",-2,2.55,282.17,0.0349065850398866
"417","mouse",-2,1.11,19.3,0.0349065850398866
"418","squirrel",-2,2.5,545.4,0.0349065850398866
"419","agouti",-3,1.34,2309.12,0.0523598775598299
"420","agouti",-3,1.7,2309.12,0.0523598775598299
"421","agouti",-4,1.56,2309.12,0.0698131700797732
"422","agouti",-6,2.1,2309.12,0.10471975511966
"423","coati",-6,2.3,3775.5,0.10471975511966
"424","peccary",-8,4.45,21133.69,0.139626340159546
"425","mouse",-8,2.38,19.3,0.139626340159546
"426","squirrel",-8,1.71,545.4,0.139626340159546
"427","agouti",-8,0.73,2309.12,0.139626340159546
"428","agouti",-8,2.55,2309.12,0.139626340159546
"429","agouti",-8,3.42,2309.12,0.139626340159546
"430","tamandua",-9,2.48,4800,0.15707963267949
"431","agouti",-9,1.73,2309.12,0.15707963267949
"432","brocket",-9,2.68,20546.86,0.15707963267949
"433","brocket",-9,3.68,20546.86,0.15707963267949
"434","agouti",-10,0.83,2309.12,0.174532925199433
"435","agouti",-11,2.63,2309.12,0.191986217719376
"436","ocelot",-12,1.04,11880,0.20943951023932
"437","paca",-12,3.14,8172.55,0.20943951023932
"438","paca",-13,3.18,8172.55,0.226892802759263
"439","squirrel",-15,1.38,545.4,0.261799387799149
"440","paca",-16,2.31,8172.55,0.279252680319093
"441","agouti",-16,1.1,2309.12,0.279252680319093
"442","agouti",-17,2.42,2309.12,0.296705972839036
"443","tamandua",-18,2.06,4800,0.314159265358979
"444","agouti",-19,1.26,2309.12,0.331612557878923
"445","agouti",-20,2.41,2309.12,0.349065850398866
"446","rat",-20,0.65,282.17,0.349065850398866
"447","agouti",-21,3.28,2309.12,0.366519142918809
"448","coati",-21,1.84,3775.5,0.366519142918809
"449","brocket",-23,2.48,20546.86,0.401425727958696
"450","armadillo",-24,4.31,3949.01,0.418879020478639
"451","rat",-24,1.2,282.17,0.418879020478639
"452","agouti",-24,1.34,2309.12,0.418879020478639
"453","agouti",-27,3.96,2309.12,0.471238898038469
"454","agouti",-27,1.42,2309.12,0.471238898038469
"455","armadillo",-29,1.3,3949.01,0.506145483078356
"456","agouti",-31,1.39,2309.12,0.541052068118242
"457","agouti",-32,2.07,2309.12,0.558505360638185
"458","agouti",-32,0.6,2309.12,0.558505360638185
"459","agouti",-40,1.59,2309.12,0.698131700797732
"460","agouti",-42,0.88,2309.12,0.733038285837618
"461","rat",-43,0.54,282.17,0.750491578357562
"495","peccary",42,0.73,21133.69,0.733038285837618
"496","peccary",37,1.29,21133.69,0.645771823237902
"497","agouti",35,0.61,2309.12,0.610865238198015
"498","peccary",35,6.39,21133.69,0.610865238198015
"499","peccary",35,6.39,21133.69,0.610865238198015
"500","agouti",32,1.08,2309.12,0.558505360638185
"501","paca",32,1.94,8172.55,0.558505360638185
"502","peccary",32,2.64,21133.69,0.558505360638185
"503","agouti",29,2.35,2309.12,0.506145483078356
"504","agouti",28,1.29,2309.12,0.488692190558412
"505","tamandua",27,1.75,4800,0.471238898038469
"506","peccary",26,1.43,21133.69,0.453785605518526
"507","brocket",25,1.54,20546.86,0.436332312998582
"508","agouti",25,1.64,2309.12,0.436332312998582
"509","peccary",24,1.27,21133.69,0.418879020478639
"510","paca",24,1.52,8172.55,0.418879020478639
"511","agouti",23,1.25,2309.12,0.401425727958696
"512","paca",23,1.94,8172.55,0.401425727958696
"513","agouti",23,1.84,2309.12,0.401425727958696
"514","coati",22,1.84,3775.5,0.383972435438752
"515","ocelot",22,1.32,11880,0.383972435438752
"516","agouti",21,4.23,2309.12,0.366519142918809
"517","agouti",21,3.15,2309.12,0.366519142918809
"518","mouse",19,1.65,19.3,0.331612557878923
"519","paca",15,0.73,8172.55,0.261799387799149
"520","agouti",15,3.35,2309.12,0.261799387799149
"521","rat",15,0.63,282.17,0.261799387799149
"522","ocelot",15,1.4,11880,0.261799387799149
"523","armadillo",14,0.75,3949.01,0.244346095279206
"524","agouti",13,1.65,2309.12,0.226892802759263
"525","agouti",12,0.92,2309.12,0.20943951023932
"526","agouti",11,3.7,2309.12,0.191986217719376
"527","agouti",10,2.57,2309.12,0.174532925199433
"528","coati",10,3.3,3775.5,0.174532925199433
"529","agouti",9,3.6,2309.12,0.15707963267949
"530","agouti",9,0.92,2309.12,0.15707963267949
"531","ocelot",9,2.38,11880,0.15707963267949
"532","coati",9,3.1,3775.5,0.15707963267949
"533","rat",8,0.47,282.17,0.139626340159546
"534","coati",8,1.16,3775.5,0.139626340159546
"535","mouse",7,0.51,19.3,0.122173047639603
"536","tamandua",7,2.5,4800,0.122173047639603
"537","agouti",7,2.48,2309.12,0.122173047639603
"538","ocelot",5,1.25,11880,0.0872664625997165
"539","agouti",5,2.5,2309.12,0.0872664625997165
"540","rat",4,0.96,282.17,0.0698131700797732
"541","agouti",4,1.56,2309.12,0.0698131700797732
"542","agouti",4,2.46,2309.12,0.0698131700797732
"543","agouti",4,3.4,2309.12,0.0698131700797732
"544","squirrel",3,0.74,545.4,0.0523598775598299
"545","agouti",2.9,-7,2309.12,0.0506145483078356
"546","agouti",2,2.3,2309.12,0.0349065850398866
"547","agouti",2,2.35,2309.12,0.0349065850398866
"548","agouti",2,1.69,2309.12,0.0349065850398866
"549","agouti",2,2.92,2309.12,0.0349065850398866
"550","mouse",1,2.37,19.3,0.0174532925199433
"551","squirrel",1,0.9,545.4,0.0174532925199433
"552","agouti",1,2.69,2309.12,0.0174532925199433
"553","peccary",1,3.9,21133.69,0.0174532925199433
"554","agouti",0,1.49,2309.12,0
"555","paca",0,1.18,8172.55,0
"556","agouti",0,3.6,2309.12,0
"557","agouti",0,2.32,2309.12,0
"558","tamandua",0,0.7,4800,0
"559","coati",0,3.87,3775.5,0
"560","agouti",0,1.43,2309.12,0
"561","agouti",0,1.82,2309.12,0
"562","agouti",0,1.53,2309.12,0
"563","paca",0,3.31,8172.55,0
"564","coati",0,1.85,3775.5,0
"565","agouti",0,3.86,2309.12,0
"566","coati",0,1.74,3775.5,0
"567","coati",0,4.8,3775.5,0
"568","agouti",-1,0.97,2309.12,0.0174532925199433
"569","agouti",-1,2.4,2309.12,0.0174532925199433
"570","ocelot",-2,0.95,11880,0.0349065850398866
"571","agouti",-2,2.29,2309.12,0.0349065850398866
"572","agouti",-2,1.88,2309.12,0.0349065850398866
"573","agouti",-3,1.38,2309.12,0.0523598775598299
"574","coati",-3,1.32,3775.5,0.0523598775598299
"575","agouti",-3,2.81,2309.12,0.0523598775598299
"576","peccary",-3,1.55,21133.69,0.0523598775598299
"577","paca",-4,1.58,8172.55,0.0698131700797732
"578","peccary",-4,0.94,21133.69,0.0698131700797732
"579","agouti",-5,3.3,2309.12,0.0872664625997165
"580","peccary",-5,2.9,21133.69,0.0872664625997165
"581","agouti",-5,7.2,2309.12,0.0872664625997165
"582","ocelot",-5,3.35,11880,0.0872664625997165
"583","opossum",-6,1.6,1134.75,0.10471975511966
"584","agouti",-6,3.25,2309.12,0.10471975511966
"585","agouti",-6,1.8,2309.12,0.10471975511966
"586","tamandua",-6,1.15,4800,0.10471975511966
"587","coati",-7,2.36,3775.5,0.122173047639603
"588","agouti",-7,2.68,2309.12,0.122173047639603
"589","rat",-7,1.24,282.17,0.122173047639603
"590","peccary",-7,3.08,21133.69,0.122173047639603
"591","squirrel",-8,3.05,545.4,0.139626340159546
"592","agouti",-8,0.97,2309.12,0.139626340159546
"593","agouti",-8,1.24,2309.12,0.139626340159546
"594","coati",-8,1.7,3775.5,0.139626340159546
"595","rat",-8,1.89,282.17,0.139626340159546
"596","agouti",-8,2.37,2309.12,0.139626340159546
"597","agouti",-8,3.97,2309.12,0.139626340159546
"598","agouti",-8,2.55,2309.12,0.139626340159546
"599","agouti",-8,4.6,2309.12,0.139626340159546
"600","agouti",-8,4.26,2309.12,0.139626340159546
"601","rat",-9,2.75,282.17,0.15707963267949
"602","rat",-10,2.5,282.17,0.174532925199433
"603","agouti",-10,3.35,2309.12,0.174532925199433
"604","rat",-12,2.7,282.17,0.20943951023932
"605","rat",-13,1.23,282.17,0.226892802759263
"606","opossum",-14,3.6,1134.75,0.244346095279206
"607","agouti",-14,3.1,2309.12,0.244346095279206
"608","agouti",-16,2.22,2309.12,0.279252680319093
"609","brocket",-16,6.41,20546.86,0.279252680319093
"610","squirrel",-17,1.37,545.4,0.296705972839036
"611","agouti",-17,1.46,2309.12,0.296705972839036
"612","ocelot",-17,0.61,11880,0.296705972839036
"613","paca",-18,1.21,8172.55,0.314159265358979
"614","ocelot",-18,2.46,11880,0.314159265358979
"615","agouti",-19,1.72,2309.12,0.331612557878923
"616","agouti",-21,1.54,2309.12,0.366519142918809
"617","rat",-22,1.63,282.17,0.383972435438752
"618","peccary",-22,4.37,21133.69,0.383972435438752
"619","peccary",-23,1.83,21133.69,0.401425727958696
"620","agouti",-24,1.83,2309.12,0.418879020478639
"621","agouti",-25,2.67,2309.12,0.436332312998582
"622","mouse",-26,1.04,19.3,0.453785605518526
"623","agouti",-27,2.29,2309.12,0.471238898038469
"624","brocket",-27,1.86,20546.86,0.471238898038469
"625","agouti",-31,0.92,2309.12,0.541052068118242
"626","paca",-32,2.32,8172.55,0.558505360638185
"627","agouti",-32,1.58,2309.12,0.558505360638185
"653","peccary",39,2.38,21133.69,0.680678408277788
"654","paca",38,2.28,8172.55,0.663225115757845
"655","peccary",34,2.4,21133.69,0.593411945678072
"656","ocelot",30,1.75,11880,0.523598775598299
"657","agouti",29,1.24,2309.12,0.506145483078356
"658","brocket",27,1.95,20546.86,0.471238898038469
"659","agouti",27,0.81,2309.12,0.471238898038469
"660","tamandua",24,1.85,4800,0.418879020478639
"661","agouti",21,0.64,2309.12,0.366519142918809
"662","brocket",21,1.46,20546.86,0.366519142918809
"663","paca",20,1.18,8172.55,0.349065850398866
"664","agouti",20,1.23,2309.12,0.349065850398866
"665","peccary",18,1.81,21133.69,0.314159265358979
"666","paca",14,1.46,8172.55,0.244346095279206
"667","agouti",13,1.43,2309.12,0.226892802759263
"668","agouti",13,2.38,2309.12,0.226892802759263
"669","agouti",12,1.94,2309.12,0.20943951023932
"670","paca",12,1.43,8172.55,0.20943951023932
"671","agouti",12,0.85,2309.12,0.20943951023932
"672","peccary",12,3.1,21133.69,0.20943951023932
"673","agouti",12,3.78,2309.12,0.20943951023932
"674","armadillo",11,2.3,3949.01,0.191986217719376
"675","rat",10,1.38,282.17,0.174532925199433
"676","agouti",10,1.84,2309.12,0.174532925199433
"677","agouti",10,1.4,2309.12,0.174532925199433
"678","peccary",10,3.91,21133.69,0.174532925199433
"679","agouti",10,3.41,2309.12,0.174532925199433
"680","opossum",8,1.1,1134.75,0.139626340159546
"681","agouti",8,2.3,2309.12,0.139626340159546
"682","agouti",6,2.3,2309.12,0.10471975511966
"683","agouti",6,1.1,2309.12,0.10471975511966
"684","agouti",5,4.34,2309.12,0.0872664625997165
"685","agouti",5,1.45,2309.12,0.0872664625997165
"686","paca",4,1.78,8172.55,0.0698131700797732
"687","paca",4,4,8172.55,0.0698131700797732
"688","paca",4,3.12,8172.55,0.0698131700797732
"689","agouti",3,1.08,2309.12,0.0523598775598299
"690","agouti",2,1.37,2309.12,0.0349065850398866
"691","squirrel",2,2.75,545.4,0.0349065850398866
"692","armadillo",2,1.31,3949.01,0.0349065850398866
"693","paca",2,3.1,8172.55,0.0349065850398866
"694","agouti",1,1.4,2309.12,0.0174532925199433
"695","armadillo",1,1.2,3949.01,0.0174532925199433
"696","agouti",0,2.32,2309.12,0
"697","squirrel",0,1.21,545.4,0
"698","squirrel",0,1.21,545.4,0
"699","mouse",0,1.34,19.3,0
"700","paca",0,1.12,8172.55,0
"701","squirrel",0,1.33,545.4,0
"702","squirrel",0,3.18,545.4,0
"703","agouti",0,1.39,2309.12,0
"704","opossum",0,3.4,1134.75,0
"705","agouti",-1,2.38,2309.12,0.0174532925199433
"706","agouti",-1,4.36,2309.12,0.0174532925199433
"707","agouti",-1,2.8,2309.12,0.0174532925199433
"708","paca",-3,2.14,8172.55,0.0523598775598299
"709","coati",-3,4.85,3775.5,0.0523598775598299
"710","rat",-4,1.32,282.17,0.0698131700797732
"711","agouti",-4,1.63,2309.12,0.0698131700797732
"712","brocket",-4,2.2,20546.86,0.0698131700797732
"713","agouti",-4,1.95,2309.12,0.0698131700797732
"714","agouti",-5,4.31,2309.12,0.0872664625997165
"715","armadillo",-6,3.54,3949.01,0.10471975511966
"716","agouti",-7,1.62,2309.12,0.122173047639603
"717","paca",-7,1.98,8172.55,0.122173047639603
"718","ocelot",-7,2.5,11880,0.122173047639603
"719","agouti",-7,2.94,2309.12,0.122173047639603
"720","coati",-8,1.46,3775.5,0.139626340159546
"721","agouti",-8,1.62,2309.12,0.139626340159546
"722","agouti",-8,2.25,2309.12,0.139626340159546
"723","mouse",-8,0.87,19.3,0.139626340159546
"724","tamandua",-9,0.95,4800,0.15707963267949
"725","rat",-10,1.62,282.17,0.174532925199433
"726","squirrel",-10,1.54,545.4,0.174532925199433
"727","squirrel",-11,2.37,545.4,0.191986217719376
"728","agouti",-11,1.3,2309.12,0.191986217719376
"729","mouse",-12,2.67,19.3,0.20943951023932
"730","ocelot",-12,1.42,11880,0.20943951023932
"731","opossum",-12,2.5,1134.75,0.20943951023932
"733","agouti",-14,3.09,2309.12,0.244346095279206
"734","agouti",-15,1.8,2309.12,0.261799387799149
"735","agouti",-15,1.92,2309.12,0.261799387799149
"736","agouti",-16,1.58,2309.12,0.279252680319093
"737","agouti",-16,2.41,2309.12,0.279252680319093
"738","agouti",-17,1.13,2309.12,0.296705972839036
"739","agouti",-18,1.4,2309.12,0.314159265358979
"740","agouti",-19,1.64,2309.12,0.331612557878923
"741","agouti",-22,1.69,2309.12,0.383972435438752
"742","brocket",-24,3.5,20546.86,0.418879020478639
"743","peccary",-24,0.5,21133.69,0.418879020478639
"744","armadillo",-24,4.68,3949.01,0.418879020478639
"745","rat",-28,1.26,282.17,0.488692190558412
"746","agouti",-28,4.15,2309.12,0.488692190558412
"747","agouti",-30,2.43,2309.12,0.523598775598299
"748","peccary",-32,1.48,21133.69,0.558505360638185
"749","agouti",-38,2.3,2309.12,0.663225115757845
"777","paca",34,3.42,8172.55,0.593411945678072
"778","ocelot",34,3.6,11880,0.593411945678072
"779","agouti",33,2.02,2309.12,0.575958653158129
"780","rat",32,0.54,282.17,0.558505360638185
"781","agouti",25,3.75,2309.12,0.436332312998582
"782","agouti",24,2.12,2309.12,0.418879020478639
"783","agouti",24,1.15,2309.12,0.418879020478639
"784","paca",23,1.68,8172.55,0.401425727958696
"785","paca",21,1.78,8172.55,0.366519142918809
"786","brocket",20,3.24,20546.86,0.349065850398866
"787","agouti",18,1.46,2309.12,0.314159265358979
"788","agouti",18,3.27,2309.12,0.314159265358979
"789","agouti",17,1.88,2309.12,0.296705972839036
"790","rat",17,1.51,282.17,0.296705972839036
"791","rat",16,1.74,282.17,0.279252680319093
"792","rat",16,1.57,282.17,0.279252680319093
"793","agouti",15,1.74,2309.12,0.261799387799149
"794","ocelot",13,1.74,11880,0.226892802759263
"795","peccary",12,3.2,21133.69,0.20943951023932
"796","coati",12,1.8,3775.5,0.20943951023932
"797","agouti",12,1.12,2309.12,0.20943951023932
"798","agouti",11,1.23,2309.12,0.191986217719376
"799","agouti",11,1.84,2309.12,0.191986217719376
"800","brocket",10,2.68,20546.86,0.174532925199433
"801","agouti",10,1.5,2309.12,0.174532925199433
"802","agouti",10,3.42,2309.12,0.174532925199433
"803","peccary",10,7,21133.69,0.174532925199433
"804","agouti",10,2.5,2309.12,0.174532925199433
"805","coati",9,1.4,3775.5,0.15707963267949
"806","agouti",9,2.86,2309.12,0.15707963267949
"807","agouti",8,3.2,2309.12,0.139626340159546
"808","opossum",7,1.8,1134.75,0.122173047639603
"809","opossum",6,0.8,1134.75,0.10471975511966
"810","agouti",6,5.37,2309.12,0.10471975511966
"811","agouti",5,0.7,2309.12,0.0872664625997165
"812","agouti",5,2.69,2309.12,0.0872664625997165
"813","armadillo",5,2.64,3949.01,0.0872664625997165
"814","armadillo",5,2.3,3949.01,0.0872664625997165
"815","agouti",4,1.94,2309.12,0.0698131700797732
"816","paca",3,3,8172.55,0.0523598775598299
"817","agouti",2,-4,2309.12,0.0349065850398866
"818","peccary",2,0.92,21133.69,0.0349065850398866
"819","agouti",2,4,2309.12,0.0349065850398866
"820","agouti",2,3.26,2309.12,0.0349065850398866
"821","ocelot",2,2.65,11880,0.0349065850398866
"822","agouti",2,2.75,2309.12,0.0349065850398866
"823","brocket",1,2.48,20546.86,0.0174532925199433
"824","mouse",0,0.5,19.3,0
"825","agouti",0,3.01,2309.12,0
"826","agouti",0,1.1,2309.12,0
"827","agouti",0,1.43,2309.12,0
"828","agouti",0,2.8,2309.12,0
"829","paca",0,1.89,8172.55,0
"830","ocelot",0,2.23,11880,0
"831","paca",0,0.47,8172.55,0
"832","armadillo",0,0.61,3949.01,0
"833","armadillo",0,2.1,3949.01,0
"834","agouti",-1,1.5,2309.12,0.0174532925199433
"835","opossum",-1,2.63,1134.75,0.0174532925199433
"836","squirrel",-3,2.7,545.4,0.0523598775598299
"837","agouti",-4,0.97,2309.12,0.0698131700797732
"838","agouti",-4,1.04,2309.12,0.0698131700797732
"839","agouti",-4,1.25,2309.12,0.0698131700797732
"840","tamandua",-5,1.54,4800,0.0872664625997165
"841","tamandua",-5,1.42,4800,0.0872664625997165
"842","paca",-5,2.01,8172.55,0.0872664625997165
"843","agouti",-5,2.7,2309.12,0.0872664625997165
"844","rat",-6,1.12,282.17,0.10471975511966
"845","agouti",-6,1.7,2309.12,0.10471975511966
"846","agouti",-6,0.68,2309.12,0.10471975511966
"847","agouti",-7,2.85,2309.12,0.122173047639603
"848","peccary",-7,4.1,21133.69,0.122173047639603
"849","brocket",-8,1.45,20546.86,0.139626340159546
"850","agouti",-9,1.71,2309.12,0.15707963267949
"851","paca",-10,2.5,8172.55,0.174532925199433
"852","paca",-12,3.4,8172.55,0.20943951023932
"853","tamandua",-15,1.27,4800,0.261799387799149
"854","agouti",-15,0.62,2309.12,0.261799387799149
"855","squirrel",-15,1.24,545.4,0.261799387799149
"856","ocelot",-15,1.05,11880,0.261799387799149
"857","brocket",-17,3.65,20546.86,0.296705972839036
"858","paca",-19,2.8,8172.55,0.331612557878923
"859","agouti",-21,3.41,2309.12,0.366519142918809
"860","brocket",-22,3.1,20546.86,0.383972435438752
"861","agouti",-22,3.48,2309.12,0.383972435438752
"862","agouti",-23,0.53,2309.12,0.401425727958696
"863","rat",-27,0.88,282.17,0.471238898038469
"864","agouti",-30,1.21,2309.12,0.523598775598299
"865","agouti",-35,1.43,2309.12,0.610865238198015
"894","agouti",41,1.5,2309.12,0.715584993317675
"895","ocelot",38,2.21,11880,0.663225115757845
"896","brocket",36,1.43,20546.86,0.628318530717959
"897","peccary",36,3.15,21133.69,0.628318530717959
"898","agouti",34,2.15,2309.12,0.593411945678072
"899","agouti",31,2.58,2309.12,0.541052068118242
"900","ocelot",27,1.59,11880,0.471238898038469
"901","agouti",25,1.31,2309.12,0.436332312998582
"902","rat",24,2.23,282.17,0.418879020478639
"903","agouti",23,0.96,2309.12,0.401425727958696
"904","ocelot",23,2.05,11880,0.401425727958696
"905","ocelot",23,2.37,11880,0.401425727958696
"906","agouti",18,1.98,2309.12,0.314159265358979
"907","agouti",17,1.87,2309.12,0.296705972839036
"908","squirrel",17,0.92,545.4,0.296705972839036
"909","agouti",16,2.08,2309.12,0.279252680319093
"910","agouti",16,1.28,2309.12,0.279252680319093
"911","agouti",16,1.62,2309.12,0.279252680319093
"912","agouti",15,3.02,2309.12,0.261799387799149
"913","armadillo",15,2.29,3949.01,0.261799387799149
"914","rat",13,1.23,282.17,0.226892802759263
"915","rat",11,0.84,282.17,0.191986217719376
"916","agouti",9,1.62,2309.12,0.15707963267949
"917","agouti",8,1.01,2309.12,0.139626340159546
"918","brocket",8,2.61,20546.86,0.139626340159546
"919","agouti",7,3.3,2309.12,0.122173047639603
"920","agouti",6,3.21,2309.12,0.10471975511966
"921","paca",5,3.8,8172.55,0.0872664625997165
"922","agouti",5,2.1,2309.12,0.0872664625997165
"923","tamandua",4,1.63,4800,0.0698131700797732
"924","agouti",4,3.4,2309.12,0.0698131700797732
"925","squirrel",4,3.15,545.4,0.0698131700797732
"926","opossum",3,1.2,1134.75,0.0523598775598299
"927","paca",3,3.32,8172.55,0.0523598775598299
"928","brocket",3,3.92,20546.86,0.0523598775598299
"929","armadillo",2,2.1,3949.01,0.0349065850398866
"930","agouti",2,2,2309.12,0.0349065850398866
"931","agouti",1,3.58,2309.12,0.0174532925199433
"932","agouti",1,1.46,2309.12,0.0174532925199433
"933","mouse",0,0.79,19.3,0
"934","agouti",0,0.96,2309.12,0
"935","rat",0,0.93,282.17,0
"936","agouti",0,0.72,2309.12,0
"937","agouti",0,0.95,2309.12,0
"938","ocelot",0,2.6,11880,0
"939","agouti",0,3.92,2309.12,0
"940","peccary",0,2.61,21133.69,0
"941","agouti",0,6.1,2309.12,0
"942","agouti",-1,0.63,2309.12,0.0174532925199433
"943","brocket",-1,1.25,20546.86,0.0174532925199433
"944","agouti",-2,3.01,2309.12,0.0349065850398866
"945","rat",-2,1.76,282.17,0.0349065850398866
"946","agouti",-2,2.37,2309.12,0.0349065850398866
"947","squirrel",-3,1.34,545.4,0.0523598775598299
"948","paca",-3,1.25,8172.55,0.0523598775598299
"949","agouti",-3,1.58,2309.12,0.0523598775598299
"950","peccary",-3,3.9,21133.69,0.0523598775598299
"951","ocelot",-4,5.6,11880,0.0698131700797732
"952","paca",-4,2.26,8172.55,0.0698131700797732
"953","squirrel",-5,0.78,545.4,0.0872664625997165
"954","agouti",-5,4.1,2309.12,0.0872664625997165
"955","agouti",-5,4.12,2309.12,0.0872664625997165
"956","coati",-5,4.35,3775.5,0.0872664625997165
"957","agouti",-6,0.92,2309.12,0.10471975511966
"958","agouti",-7,2.37,2309.12,0.122173047639603
"959","paca",-8,4.4,8172.55,0.139626340159546
"960","agouti",-8,0.85,2309.12,0.139626340159546
"961","agouti",-9,1.94,2309.12,0.15707963267949
"962","agouti",-9,1.1,2309.12,0.15707963267949
"963","squirrel",-9,2.74,545.4,0.15707963267949
"964","paca",-9,2.71,8172.55,0.15707963267949
"965","agouti",-10,2.1,2309.12,0.174532925199433
"966","rat",-12,0.68,282.17,0.20943951023932
"967","paca",-13,1.67,8172.55,0.226892802759263
"968","agouti",-14,2.31,2309.12,0.244346095279206
"969","agouti",-15,1.97,2309.12,0.261799387799149
"970","agouti",-15,3.61,2309.12,0.261799387799149
"971","mouse",-16,1.56,19.3,0.279252680319093
"972","agouti",-16,2.48,2309.12,0.279252680319093
"973","agouti",-19,1.25,2309.12,0.331612557878923
"974","agouti",-19,1.84,2309.12,0.331612557878923
"975","agouti",-21,2.24,2309.12,0.366519142918809
"976","coati",-22,1.02,3775.5,0.383972435438752
"977","paca",-23,3.3,8172.55,0.401425727958696
"978","agouti",-24,3.52,2309.12,0.418879020478639
"979","agouti",-25,2.67,2309.12,0.436332312998582
"980","ocelot",-31,0,11880,0.541052068118242
"981","agouti",-34,3.2,2309.12,0.593411945678072
"1011","ocelot",38,1.49,11880,0.663225115757845
"1012","peccary",37,5.78,21133.69,0.645771823237902
"1013","agouti",34,2.1,2309.12,0.593411945678072
"1014","agouti",33,5.83,2309.12,0.575958653158129
"1015","agouti",32,1.7,2309.12,0.558505360638185
"1016","agouti",30,3.28,2309.12,0.523598775598299
"1019","agouti",27,1.87,2309.12,0.471238898038469
"1020","agouti",26,0.64,2309.12,0.453785605518526
"1021","paca",23,3.85,8172.55,0.401425727958696
"1022","agouti",23,1.61,2309.12,0.401425727958696
"1023","agouti",22,2.63,2309.12,0.383972435438752
"1024","squirrel",22,3.1,545.4,0.383972435438752
"1025","mouse",21,1.15,19.3,0.366519142918809
"1026","agouti",18,2.22,2309.12,0.314159265358979
"1027","paca",18,1.81,8172.55,0.314159265358979
"1028","agouti",13,1.5,2309.12,0.226892802759263
"1029","peccary",12,3.42,21133.69,0.20943951023932
"1030","agouti",6,1.75,2309.12,0.10471975511966
"1031","rat",5,0.51,282.17,0.0872664625997165
"1032","opossum",4,0.98,1134.75,0.0698131700797732
"1033","paca",4,1.1,8172.55,0.0698131700797732
"1034","opossum",4,2.85,1134.75,0.0698131700797732
"1035","peccary",2,0.81,21133.69,0.0349065850398866
"1036","agouti",2,0.97,2309.12,0.0349065850398866
"1037","mouse",1,0.75,19.3,0.0174532925199433
"1038","rat",1,0.88,282.17,0.0174532925199433
"1039","rat",0,0.7,282.17,0
"1040","rat",0,0.9,282.17,0
"1041","agouti",0,2.53,2309.12,0
"1042","agouti",0,1.74,2309.12,0
"1043","coati",0,0.9,3775.5,0
"1044","agouti",0,2.03,2309.12,0
"1045","brocket",0,2,20546.86,0
"1046","paca",0,2.34,8172.55,0
"1047","brocket",0,2.3,20546.86,0
"1048","brocket",0,6.1,20546.86,0
"1049","agouti",-1,1.95,2309.12,0.0174532925199433
"1050","squirrel",-2,2.43,545.4,0.0349065850398866
"1051","agouti",-2,1.56,2309.12,0.0349065850398866
"1052","agouti",-3,0.7,2309.12,0.0523598775598299
"1053","agouti",-4,2,2309.12,0.0698131700797732
"1054","rat",-5,4.1,282.17,0.0872664625997165
"1055","paca",-6,2.95,8172.55,0.10471975511966
"1056","mouse",-7,2.14,19.3,0.122173047639603
"1057","peccary",-8,3.6,21133.69,0.139626340159546
"1058","paca",-10,2.78,8172.55,0.174532925199433
"1059","paca",-11,4.21,8172.55,0.191986217719376
"1060","agouti",-11,1.34,2309.12,0.191986217719376
"1061","ocelot",-11,1.1,11880,0.191986217719376
"1062","paca",-12,1.4,8172.55,0.20943951023932
"1063","paca",-12,1.9,8172.55,0.20943951023932
"1064","tamandua",-12,2.27,4800,0.20943951023932
"1065","paca",-14,2.36,8172.55,0.244346095279206
"1066","agouti",-16,1.58,2309.12,0.279252680319093
"1067","rat",-17,0.71,282.17,0.296705972839036
"1068","mouse",-17,1.81,19.3,0.296705972839036
"1069","peccary",-17,2.48,21133.69,0.296705972839036
"1070","paca",-17,3.18,8172.55,0.296705972839036
"1071","peccary",-18,2.26,21133.69,0.314159265358979
"1072","ocelot",-18,0.87,11880,0.314159265358979
"1073","paca",-18,0.52,8172.55,0.314159265358979
"1074","brocket",-18,2.7,20546.86,0.314159265358979
"1075","agouti",-19,1.74,2309.12,0.331612557878923
"1076","agouti",-21,5.8,2309.12,0.366519142918809
"1077","paca",-22,2.6,8172.55,0.383972435438752
"1078","brocket",-22,1.94,20546.86,0.383972435438752
"1079","rat",-23,0.82,282.17,0.401425727958696
"1080","brocket",-24,6.25,20546.86,0.418879020478639
"1081","agouti",-25,1.24,2309.12,0.436332312998582
"1082","agouti",-25,0.78,2309.12,0.436332312998582
"1083","agouti",-25,2.16,2309.12,0.436332312998582
"1084","agouti",-27,1.93,2309.12,0.471238898038469
"1085","paca",-33,1.78,8172.55,0.575958653158129
"1308","ocelot",40,0.65,11880,0.698131700797732
"1309","rat",39,0.42,282.17,0.680678408277788
"1310","agouti",38,0.87,2309.12,0.663225115757845
"1311","agouti",37,3.6,2309.12,0.645771823237902
"1312","rat",35,0.63,282.17,0.610865238198015
"1313","rat",34,0.82,282.17,0.593411945678072
"1314","agouti",31,0.97,2309.12,0.541052068118242
"1315","peccary",29,4.43,21133.69,0.506145483078356
"1316","peccary",28,1.61,21133.69,0.488692190558412
"1317","agouti",28,3.32,2309.12,0.488692190558412
"1318","paca",28,0.94,8172.55,0.488692190558412
"1319","agouti",28,1.22,2309.12,0.488692190558412
"1320","peccary",27,1.38,21133.69,0.471238898038469
"1321","agouti",27,1.1,2309.12,0.471238898038469
"1322","rat",27,2.24,282.17,0.471238898038469
"1323","mouse",26,1.34,19.3,0.453785605518526
"1324","agouti",26,2.15,2309.12,0.453785605518526
"1325","agouti",26,2.1,2309.12,0.453785605518526
"1326","agouti",24,2.32,2309.12,0.418879020478639
"1327","agouti",24,1.45,2309.12,0.418879020478639
"1328","agouti",24,1.58,2309.12,0.418879020478639
"1329","agouti",23,0.92,2309.12,0.401425727958696
"1330","agouti",23,0.65,2309.12,0.401425727958696
"1331","tamandua",23,1.64,4800,0.401425727958696
"1332","armadillo",23,2.25,3949.01,0.401425727958696
"1333","agouti",23,1.39,2309.12,0.401425727958696
"1334","rat",22,1.87,282.17,0.383972435438752
"1335","agouti",22,1.48,2309.12,0.383972435438752
"1336","paca",21,2.04,8172.55,0.366519142918809
"1337","agouti",20,1.21,2309.12,0.349065850398866
"1338","agouti",20,3.41,2309.12,0.349065850398866
"1339","agouti",20,1.2,2309.12,0.349065850398866
"1340","paca",20,0.84,8172.55,0.349065850398866
"1341","brocket",20,4.88,20546.86,0.349065850398866
"1342","peccary",18,3.2,21133.69,0.314159265358979
"1343","coati",18,2.38,3775.5,0.314159265358979
"1344","agouti",18,4.1,2309.12,0.314159265358979
"1345","paca",17,1.74,8172.55,0.296705972839036
"1346","agouti",17,2.68,2309.12,0.296705972839036
"1347","agouti",16,0.93,2309.12,0.279252680319093
"1348","agouti",16,1.6,2309.12,0.279252680319093
"1349","agouti",16,1.73,2309.12,0.279252680319093
"1350","agouti",16,2.5,2309.12,0.279252680319093
"1351","agouti",16,2.5,2309.12,0.279252680319093
"1352","brocket",16,1.2,20546.86,0.279252680319093
"1353","agouti",15,1.25,2309.12,0.261799387799149
"1354","peccary",15,0.4,21133.69,0.261799387799149
"1355","agouti",15,1.3,2309.12,0.261799387799149
"1356","agouti",14,1.63,2309.12,0.244346095279206
"1357","agouti",14,1.44,2309.12,0.244346095279206
"1358","agouti",14,4.85,2309.12,0.244346095279206
"1359","coati",14,4.1,3775.5,0.244346095279206
"1360","peccary",14,4.3,21133.69,0.244346095279206
"1361","agouti",13,2.24,2309.12,0.226892802759263
"1362","mouse",12,1.39,19.3,0.20943951023932
"1363","paca",12,0.6,8172.55,0.20943951023932
"1364","peccary",12,4.38,21133.69,0.20943951023932
"1365","coati",12,1.95,3775.5,0.20943951023932
"1366","agouti",12,2.05,2309.12,0.20943951023932
"1367","brocket",12,3.05,20546.86,0.20943951023932
"1368","agouti",12,1.1,2309.12,0.20943951023932
"1369","brocket",12,0.68,20546.86,0.20943951023932
"1370","rat",11,0.84,282.17,0.191986217719376
"1371","agouti",11,1.42,2309.12,0.191986217719376
"1372","paca",11,2.18,8172.55,0.191986217719376
"1373","agouti",11,4,2309.12,0.191986217719376
"1374","agouti",11,3.65,2309.12,0.191986217719376
"1375","rat",10,2,282.17,0.174532925199433
"1376","squirrel",10,1.4,545.4,0.174532925199433
"1377","agouti",10,2.87,2309.12,0.174532925199433
"1378","peccary",10,0.82,21133.69,0.174532925199433
"1379","agouti",10,3.3,2309.12,0.174532925199433
"1380","agouti",10,3.82,2309.12,0.174532925199433
"1381","agouti",9,1.65,2309.12,0.15707963267949
"1382","peccary",9,2.8,21133.69,0.15707963267949
"1383","agouti",9,4.4,2309.12,0.15707963267949
"1384","agouti",8,2.6,2309.12,0.139626340159546
"1385","rat",8,0.58,282.17,0.139626340159546
"1386","agouti",8,2.4,2309.12,0.139626340159546
"1387","agouti",8,2.2,2309.12,0.139626340159546
"1388","agouti",8,1.66,2309.12,0.139626340159546
"1389","armadillo",8,2.43,3949.01,0.139626340159546
"1390","rat",8,1.8,282.17,0.139626340159546
"1391","agouti",8,1.54,2309.12,0.139626340159546
"1392","peccary",8,2.29,21133.69,0.139626340159546
"1393","ocelot",8,3.15,11880,0.139626340159546
"1394","rat",7,2.3,282.17,0.122173047639603
"1395","agouti",7,2.7,2309.12,0.122173047639603
"1396","rat",7,0.87,282.17,0.122173047639603
"1397","agouti",7,3.13,2309.12,0.122173047639603
"1398","agouti",7,2.73,2309.12,0.122173047639603
"1399","peccary",7,3.3,21133.69,0.122173047639603
"1400","mouse",7,1.76,19.3,0.122173047639603
"1401","brocket",7,4.43,20546.86,0.122173047639603
"1402","agouti",7,2.1,2309.12,0.122173047639603
"1403","rat",7,0.74,282.17,0.122173047639603
"1404","ocelot",7,4.1,11880,0.122173047639603
"1406","agouti",6,1.08,2309.12,0.10471975511966
"1407","rat",6,0.46,282.17,0.10471975511966
"1408","rat",6,2.4,282.17,0.10471975511966
"1409","agouti",6,2.57,2309.12,0.10471975511966
"1410","paca",6,1.06,8172.55,0.10471975511966
"1411","agouti",5,2.77,2309.12,0.0872664625997165
"1412","paca",5,3.1,8172.55,0.0872664625997165
"1413","agouti",5,1.9,2309.12,0.0872664625997165
"1414","rat",4,1.15,282.17,0.0698131700797732
"1415","rat",4,1.52,282.17,0.0698131700797732
"1416","agouti",4,2.88,2309.12,0.0698131700797732
"1417","rat",4,1.32,282.17,0.0698131700797732
"1418","tamandua",4,0.84,4800,0.0698131700797732
"1419","agouti",4,2.08,2309.12,0.0698131700797732
"1420","ocelot",4,1.82,11880,0.0698131700797732
"1421","mouse",3,0.89,19.3,0.0523598775598299
"1422","peccary",3,5.1,21133.69,0.0523598775598299
"1423","mouse",3,0.64,19.3,0.0523598775598299
"1425","ocelot",3,1.57,11880,0.0523598775598299
"1426","agouti",3,2.71,2309.12,0.0523598775598299
"1427","agouti",3,1.21,2309.12,0.0523598775598299
"1428","agouti",3,1.19,2309.12,0.0523598775598299
"1429","agouti",3,2.74,2309.12,0.0523598775598299
"1430","agouti",3,6.4,2309.12,0.0523598775598299
"1431","agouti",2,3.2,2309.12,0.0349065850398866
"1432","mouse",2,0.18,19.3,0.0349065850398866
"1433","squirrel",2,1.34,545.4,0.0349065850398866
"1434","agouti",2,2.91,2309.12,0.0349065850398866
"1435","opossum",2,2.9,1134.75,0.0349065850398866
"1436","paca",2,1.75,8172.55,0.0349065850398866
"1437","agouti",2,1.38,2309.12,0.0349065850398866
"1438","agouti",2,1.4,2309.12,0.0349065850398866
"1439","ocelot",2,1.6,11880,0.0349065850398866
"1440","paca",1.5,12,8172.55,0.0261799387799149
"1441","peccary",1,5.4,21133.69,0.0174532925199433
"1442","agouti",1,1.54,2309.12,0.0174532925199433
"1443","ocelot",1,1.6,11880,0.0174532925199433
"1444","agouti",0,0,2309.12,0
"1445","agouti",0,2.6,2309.12,0
"1446","agouti",0,2.26,2309.12,0
"1447","agouti",0,3.34,2309.12,0
"1449","agouti",0,2.28,2309.12,0
"1450","rat",0,0.33,282.17,0
"1451","agouti",0,2.65,2309.12,0
"1452","agouti",0,1.4,2309.12,0
"1453","ocelot",0,0.88,11880,0
"1454","agouti",0,0.96,2309.12,0
"1455","rat",0,2.5,282.17,0
"1456","agouti",0,2.41,2309.12,0
"1457","mouse",0,1.32,19.3,0
"1458","opossum",0,2.88,1134.75,0
"1459","rat",0,1.6,282.17,0
"1460","opossum",0,1.8,1134.75,0
"1461","agouti",0,1.35,2309.12,0
"1463","agouti",0,1.46,2309.12,0
"1464","paca",0,1.99,8172.55,0
"1465","rat",0,0.7,282.17,0
"1466","agouti",0,1.29,2309.12,0
"1467","tamandua",0,0.83,4800,0
"1468","agouti",0,3.8,2309.12,0
"1469","agouti",0,2.62,2309.12,0
"1470","agouti",0,1.5,2309.12,0
"1471","agouti",0,1.86,2309.12,0
"1472","agouti",0,0.68,2309.12,0
"1473","agouti",0,3.6,2309.12,0
"1474","coati",0,5.4,3775.5,0
"1475","paca",0,4.4,8172.55,0
"1476","agouti",0,5.9,2309.12,0
"1477","brocket",0,1.1,20546.86,0
"1478","brocket",0,3.3,20546.86,0
"1479","tamandua",0,0.83,4800,0
"1480","agouti",0,4.5,2309.12,0
"1482","mouse",-1,0.82,19.3,0.0174532925199433
"1483","mouse",-1,1.28,19.3,0.0174532925199433
"1484","agouti",-1,2,2309.12,0.0174532925199433
"1485","agouti",-1,2.38,2309.12,0.0174532925199433
"1486","agouti",-1,4.34,2309.12,0.0174532925199433
"1487","agouti",-2,1.26,2309.12,0.0349065850398866
"1488","agouti",-2,1.52,2309.12,0.0349065850398866
"1489","agouti",-2,0.76,2309.12,0.0349065850398866
"1490","armadillo",-2,0.73,3949.01,0.0349065850398866
"1491","agouti",-2,1.07,2309.12,0.0349065850398866
"1492","agouti",-3,1.85,2309.12,0.0523598775598299
"1493","agouti",-3,2.01,2309.12,0.0523598775598299
"1494","paca",-3,3.8,8172.55,0.0523598775598299
"1495","peccary",-3,5,21133.69,0.0523598775598299
"1496","agouti",-3,1.12,2309.12,0.0523598775598299
"1497","ocelot",-3,0.64,11880,0.0523598775598299
"1498","agouti",-3,3.12,2309.12,0.0523598775598299
"1499","peccary",-3,7,21133.69,0.0523598775598299
"1500","rat",-3,4.1,282.17,0.0523598775598299
"1501","rat",-4,0.9,282.17,0.0698131700797732
"1502","rat",-4,1.04,282.17,0.0698131700797732
"1504","rat",-4,0.68,282.17,0.0698131700797732
"1505","tamandua",-4,2,4800,0.0698131700797732
"1506","coati",-4,1.1,3775.5,0.0698131700797732
"1507","ocelot",-4,4.38,11880,0.0698131700797732
"1508","brocket",-5,4.7,20546.86,0.0872664625997165
"1509","agouti",-5,6.1,2309.12,0.0872664625997165
"1510","mouse",-5,1.37,19.3,0.0872664625997165
"1511","opossum",-5,2.1,1134.75,0.0872664625997165
"1512","agouti",-5,2.61,2309.12,0.0872664625997165
"1513","agouti",-5,1.72,2309.12,0.0872664625997165
"1514","peccary",-5,5,21133.69,0.0872664625997165
"1515","agouti",-6,5.3,2309.12,0.10471975511966
"1516","mouse",-6,1.68,19.3,0.10471975511966
"1517","rat",-6,1.3,282.17,0.10471975511966
"1519","armadillo",-6,1.32,3949.01,0.10471975511966
"1520","paca",-6,1.84,8172.55,0.10471975511966
"1521","rat",-7,1.02,282.17,0.122173047639603
"1522","agouti",-7,0.41,2309.12,0.122173047639603
"1523","agouti",-7,2.73,2309.12,0.122173047639603
"1524","tamandua",-7,1.4,4800,0.122173047639603
"1525","agouti",-7,1.8,2309.12,0.122173047639603
"1526","armadillo",-7,2.31,3949.01,0.122173047639603
"1527","ocelot",-7,1.58,11880,0.122173047639603
"1528","agouti",-8,0.46,2309.12,0.139626340159546
"1529","peccary",-8,4.16,21133.69,0.139626340159546
"1530","agouti",-8,3.56,2309.12,0.139626340159546
"1531","brocket",-10,2.35,20546.86,0.174532925199433
"1532","rat",-10,0.81,282.17,0.174532925199433
"1533","agouti",-10,1.4,2309.12,0.174532925199433
"1534","ocelot",-10,1.3,11880,0.174532925199433
"1535","agouti",-10,2.83,2309.12,0.174532925199433
"1536","agouti",-10,3.6,2309.12,0.174532925199433
"1537","agouti",-10,2.7,2309.12,0.174532925199433
"1538","agouti",-11,4.38,2309.12,0.191986217719376
"1539","rat",-11,2.5,282.17,0.191986217719376
"1540","rat",-11,1.22,282.17,0.191986217719376
"1541","agouti",-11,2.4,2309.12,0.191986217719376
"1542","agouti",-11,2.18,2309.12,0.191986217719376
"1543","peccary",-12,1,21133.69,0.20943951023932
"1544","agouti",-12,3,2309.12,0.20943951023932
"1545","agouti",-12,2.8,2309.12,0.20943951023932
"1546","opossum",-12,2.2,1134.75,0.20943951023932
"1547","agouti",-12,1.71,2309.12,0.20943951023932
"1548","squirrel",-12,1.8,545.4,0.20943951023932
"1549","agouti",-12,2,2309.12,0.20943951023932
"1550","agouti",-13,0.98,2309.12,0.226892802759263
"1551","agouti",-13,2.31,2309.12,0.226892802759263
"1552","agouti",-13,2.36,2309.12,0.226892802759263
"1553","agouti",-14,4.37,2309.12,0.244346095279206
"1554","ocelot",-14,1.67,11880,0.244346095279206
"1555","rat",-15,1.56,282.17,0.261799387799149
"1556","agouti",-15,4.12,2309.12,0.261799387799149
"1557","coati",-15,2.05,3775.5,0.261799387799149
"1558","ocelot",-15,1.25,11880,0.261799387799149
"1559","agouti",-16,5.62,2309.12,0.279252680319093
"1560","mouse",-16,1.42,19.3,0.279252680319093
"1561","mouse",-16,0.89,19.3,0.279252680319093
"1562","mouse",-16,1.21,19.3,0.279252680319093
"1563","agouti",-16,2.41,2309.12,0.279252680319093
"1564","agouti",-16,1.2,2309.12,0.279252680319093
"1565","paca",-16,3.85,8172.55,0.279252680319093
"1566","brocket",-16,3.24,20546.86,0.279252680319093
"1567","agouti",-16,0.65,2309.12,0.279252680319093
"1568","agouti",-17,1.23,2309.12,0.296705972839036
"1569","agouti",-17,2.65,2309.12,0.296705972839036
"1570","agouti",-18,1.43,2309.12,0.314159265358979
"1571","agouti",-18,2.26,2309.12,0.314159265358979
"1572","mouse",-19,0.54,19.3,0.331612557878923
"1573","coati",-19,3.48,3775.5,0.331612557878923
"1574","agouti",-20,0.82,2309.12,0.349065850398866
"1575","peccary",-20,2.05,21133.69,0.349065850398866
"1576","agouti",-20,0.88,2309.12,0.349065850398866
"1577","agouti",-20,2.44,2309.12,0.349065850398866
"1578","agouti",-21,0.93,2309.12,0.366519142918809
"1579","rat",-21,1.01,282.17,0.366519142918809
"1580","agouti",-21,1.82,2309.12,0.366519142918809
"1581","agouti",-21,3.41,2309.12,0.366519142918809
"1582","agouti",-22,5.45,2309.12,0.383972435438752
"1583","opossum",-23,1.58,1134.75,0.401425727958696
"1584","agouti",-23,2.46,2309.12,0.401425727958696
"1585","agouti",-23,1.94,2309.12,0.401425727958696
"1586","agouti",-23,1.36,2309.12,0.401425727958696
"1587","agouti",-24,1.26,2309.12,0.418879020478639
"1588","armadillo",-24,1.3,3949.01,0.418879020478639
"1589","ocelot",-24,0.94,11880,0.418879020478639
"1590","ocelot",-24,1.15,11880,0.418879020478639
"1591","opossum",-25,0.81,1134.75,0.436332312998582
"1592","rat",-25,1.23,282.17,0.436332312998582
"1593","peccary",-26,1.64,21133.69,0.453785605518526
"1594","squirrel",-26,0.81,545.4,0.453785605518526
"1595","ocelot",-26,0.68,11880,0.453785605518526
"1596","agouti",-26,5.25,2309.12,0.453785605518526
"1597","agouti",-27,0.73,2309.12,0.471238898038469
"1598","agouti",-27,0.91,2309.12,0.471238898038469
"1599","rat",-27,1.52,282.17,0.471238898038469
"1600","paca",-27,1.47,8172.55,0.471238898038469
"1601","agouti",-28,1.76,2309.12,0.488692190558412
"1602","agouti",-28,0.59,2309.12,0.488692190558412
"1603","agouti",-29,1.34,2309.12,0.506145483078356
"1604","agouti",-29,1.85,2309.12,0.506145483078356
"1605","peccary",-29,2.67,21133.69,0.506145483078356
"1606","agouti",-30,1.06,2309.12,0.523598775598299
"1607","coati",-32,5.6,3775.5,0.558505360638185
"1608","ocelot",-32,1.65,11880,0.558505360638185
"1609","agouti",-33,6.27,2309.12,0.575958653158129
"1610","mouse",-33,1.56,19.3,0.575958653158129
"1611","agouti",-34,1.73,2309.12,0.593411945678072
"1612","agouti",-35,2.83,2309.12,0.610865238198015
"1613","agouti",-36,1.62,2309.12,0.628318530717959
"1614","agouti",-36,0.95,2309.12,0.628318530717959
"1615","coati",-38,2.34,3775.5,0.663225115757845
"1616","agouti",-40,0.96,2309.12,0.698131700797732
"1617","ocelot",-40,0.84,11880,0.698131700797732
"1628","peccary",43,1.4,21133.69,0.750491578357562
"1629","agouti",42,0.45,2309.12,0.733038285837618
"1630","agouti",28,2.68,2309.12,0.488692190558412
"1631","peccary",26,0.96,21133.69,0.453785605518526
"1632","brocket",21,2.88,20546.86,0.366519142918809
"1633","agouti",18,2.71,2309.12,0.314159265358979
"1634","agouti",16,1.2,2309.12,0.279252680319093
"1635","brocket",15,1.44,20546.86,0.261799387799149
"1636","paca",14,1.12,8172.55,0.244346095279206
"1637","agouti",12,4.1,2309.12,0.20943951023932
"1638","paca",10,0.6,8172.55,0.174532925199433
"1639","agouti",10,3.48,2309.12,0.174532925199433
"1640","agouti",5,3.4,2309.12,0.0872664625997165
"1641","agouti",0,0.92,2309.12,0
"1642","agouti",0,0.92,2309.12,0
"1643","peccary",-2,2.56,21133.69,0.0349065850398866
"1644","agouti",-5,1.2,2309.12,0.0872664625997165
"1645","ocelot",-5,3.24,11880,0.0872664625997165
"1646","agouti",-9,2.4,2309.12,0.15707963267949
"1647","peccary",-10,3.65,21133.69,0.174532925199433
"1648","peccary",-10,3.5,21133.69,0.174532925199433
"1649","agouti",-12,2.76,2309.12,0.20943951023932
"1650","rat",-12,1.05,282.17,0.20943951023932
"1651","agouti",-16,1.8,2309.12,0.279252680319093
"1652","agouti",-20,1.12,2309.12,0.349065850398866
"1653","brocket",-20,1.34,20546.86,0.349065850398866
"1654","paca",-20,2.5,8172.55,0.349065850398866
"1655","agouti",-35,1.54,2309.12,0.610865238198015
"1664","paca",36,0.98,8172.55,0.628318530717959
"1665","paca",34,2.47,8172.55,0.593411945678072
"1666","squirrel",30,1.04,545.4,0.523598775598299
"1667","ocelot",14,1.58,11880,0.244346095279206
"1668","peccary",13,4.23,21133.69,0.226892802759263
"1669","peccary",8,2.9,21133.69,0.139626340159546
"1670","agouti",8,1.15,2309.12,0.139626340159546
"1671","agouti",8,2,2309.12,0.139626340159546
"1672","agouti",6,1.5,2309.12,0.10471975511966
"1673","agouti",6,7,2309.12,0.10471975511966
"1674","coati",4,3.25,3775.5,0.0698131700797732
"1675","peccary",0,0.51,21133.69,0
"1676","rat",0,1.15,282.17,0
"1677","agouti",0,0.8,2309.12,0
"1678","peccary",0,2,21133.69,0
"1679","agouti",0,1.74,2309.12,0
"1680","agouti",-6,4,2309.12,0.10471975511966
"1681","rat",-16,1.55,282.17,0.279252680319093
"1682","squirrel",-26,1.38,545.4,0.453785605518526
"1697","peccary",36,2.13,21133.69,0.628318530717959
"1698","squirrel",36,1.68,545.4,0.628318530717959
"1699","agouti",33,2.2,2309.12,0.575958653158129
"1700","agouti",25,1.45,2309.12,0.436332312998582
"1701","paca",12,4.05,8172.55,0.20943951023932
"1702","paca",8,1.69,8172.55,0.139626340159546
"1703","squirrel",8,1.21,545.4,0.139626340159546
"1704","agouti",8,2.1,2309.12,0.139626340159546
"1705","agouti",5,1.41,2309.12,0.0872664625997165
"1706","paca",3,0.82,8172.55,0.0523598775598299
"1707","agouti",1,2.53,2309.12,0.0174532925199433
"1708","agouti",-2,2.46,2309.12,0.0349065850398866
"1709","peccary",-8,1.17,21133.69,0.139626340159546
"1710","agouti",-10,2.72,2309.12,0.174532925199433
"1711","armadillo",-16,1.46,3949.01,0.279252680319093
"1712","agouti",-18,2.48,2309.12,0.314159265358979
"1713","coati",-23,1.45,3775.5,0.401425727958696
"1714","ocelot",-29,0.64,11880,0.506145483078356
"1715","coati",-33,1.45,3775.5,0.575958653158129
"1728","ocelot",28,0.72,11880,0.488692190558412
"1729","rat",14,1.38,282.17,0.244346095279206
"1730","agouti",12,1.3,2309.12,0.20943951023932
"1731","squirrel",10,2.25,545.4,0.174532925199433
"1732","paca",8,1.1,8172.55,0.139626340159546
"1733","paca",7,3,8172.55,0.122173047639603
"1734","peccary",6,7.5,21133.69,0.10471975511966
"1735","ocelot",2,3.8,11880,0.0349065850398866
"1736","agouti",-2,2.26,2309.12,0.0349065850398866
"1737","rat",-2,0.92,282.17,0.0349065850398866
"1738","agouti",-2,1.98,2309.12,0.0349065850398866
"1739","peccary",-2,4.36,21133.69,0.0349065850398866
"1740","rat",-3,1.3,282.17,0.0523598775598299
"1741","paca",-7,4.2,8172.55,0.122173047639603
"1742","agouti",-10,1.43,2309.12,0.174532925199433
"1743","peccary",-12,5.25,21133.69,0.20943951023932
"1744","agouti",-16,2.01,2309.12,0.279252680319093
"1745","peccary",-16,3.75,21133.69,0.279252680319093
"1746","agouti",-19,2,2309.12,0.331612557878923
"1747","agouti",-24,1.86,2309.12,0.418879020478639
"1748","agouti",-26,1.83,2309.12,0.453785605518526
"1749","rat",-34,0.83,282.17,0.593411945678072
"1750","agouti",-35,2.58,2309.12,0.610865238198015
"1765","paca",43,0.3,8172.55,0.750491578357562
"1766","agouti",36,1.2,2309.12,0.628318530717959
"1767","peccary",21,0.58,21133.69,0.366519142918809
"1768","paca",15,3.2,8172.55,0.261799387799149
"1769","agouti",14,4.45,2309.12,0.244346095279206
"1770","peccary",13,1.9,21133.69,0.226892802759263
"1771","armadillo",8,2.15,3949.01,0.139626340159546
"1772","agouti",7,0.82,2309.12,0.122173047639603
"1773","agouti",7,3.9,2309.12,0.122173047639603
"1774","mouse",3,1.5,19.3,0.0523598775598299
"1775","brocket",1,3.14,20546.86,0.0174532925199433
"1776","agouti",0,1.02,2309.12,0
"1777","rat",-4,0.81,282.17,0.0698131700797732
"1778","agouti",-5,2.08,2309.12,0.0872664625997165
"1779","agouti",-5,3.15,2309.12,0.0872664625997165
"1798","agouti",37,0.86,2309.12,0.645771823237902
"1799","brocket",33,2.1,20546.86,0.575958653158129
"1800","peccary",15,1.31,21133.69,0.261799387799149
"1801","agouti",14,2.26,2309.12,0.244346095279206
"1802","paca",12,2.36,8172.55,0.20943951023932
"1803","agouti",10,2.45,2309.12,0.174532925199433
"1804","rat",10,1.2,282.17,0.174532925199433
"1805","agouti",8,1.15,2309.12,0.139626340159546
"1806","agouti",7,1.73,2309.12,0.122173047639603
"1807","agouti",4,5.8,2309.12,0.0698131700797732
"1808","agouti",4,3.31,2309.12,0.0698131700797732
"1809","peccary",2,0.88,21133.69,0.0349065850398866
"1810","agouti",0,1.65,2309.12,0
"1812","agouti",0,1.72,2309.12,0
"1813","peccary",-1,2.9,21133.69,0.0174532925199433
"1814","agouti",-1,2.84,2309.12,0.0174532925199433
"1815","brocket",-2,2.4,20546.86,0.0349065850398866
"1816","rat",-2,1.34,282.17,0.0349065850398866
"1817","agouti",-3,1.46,2309.12,0.0523598775598299
"1818","agouti",-3,1.6,2309.12,0.0523598775598299
"1819","rat",-7,2.63,282.17,0.122173047639603
"1820","paca",-7,7.6,8172.55,0.122173047639603
"1821","squirrel",-8,2.16,545.4,0.139626340159546
"1822","agouti",-9,0.68,2309.12,0.15707963267949
"1823","brocket",-19,3.04,20546.86,0.331612557878923
"1824","paca",-36,2.25,8172.55,0.628318530717959
"1836","tamandua",28,1.82,4800,0.488692190558412
"1837","agouti",22,1.87,2309.12,0.383972435438752
"1838","ocelot",21,1.3,11880,0.366519142918809
"1839","paca",10,1.2,8172.55,0.174532925199433
"1840","agouti",10,1.9,2309.12,0.174532925199433
"1841","agouti",4,2.53,2309.12,0.0698131700797732
"1842","paca",0,0.31,8172.55,0
"1843","coati",-1,2.34,3775.5,0.0174532925199433
"1844","agouti",-2,1.63,2309.12,0.0349065850398866
"1845","paca",-5,3.62,8172.55,0.0872664625997165
"1846","peccary",-8,3.8,21133.69,0.139626340159546
"1847","brocket",-8,5.6,20546.86,0.139626340159546
"1848","peccary",-9,3,21133.69,0.15707963267949
"1849","agouti",-10,1.9,2309.12,0.174532925199433
"1850","brocket",-10,4,20546.86,0.174532925199433
"1851","agouti",-12,2.24,2309.12,0.20943951023932
"1852","rat",-13,0.85,282.17,0.226892802759263
"1853","agouti",-17,1.75,2309.12,0.296705972839036
"1854","agouti",-25,0.82,2309.12,0.436332312998582
"1855","ocelot",-26,2.78,11880,0.453785605518526
"1869","agouti",40,0.45,2309.12,0.698131700797732
"1870","brocket",24,3.01,20546.86,0.418879020478639
"1871","agouti",23,3.64,2309.12,0.401425727958696
"1872","agouti",12,1.51,2309.12,0.20943951023932
"1873","agouti",12,1.77,2309.12,0.20943951023932
"1874","peccary",8,2.7,21133.69,0.139626340159546
"1875","agouti",5,2.38,2309.12,0.0872664625997165
"1876","paca",-6,3.1,8172.55,0.10471975511966
"1877","agouti",-13,1.5,2309.12,0.226892802759263
"1878","agouti",-33,1.92,2309.12,0.575958653158129
"1886","agouti",30,1.92,2309.12,0.523598775598299
"1887","paca",19,2.87,8172.55,0.331612557878923
"1888","peccary",15,3.09,21133.69,0.261799387799149
"1889","peccary",7,2.8,21133.69,0.122173047639603
"1890","peccary",0,2.5,21133.69,0
"1891","agouti",0,3.34,2309.12,0
"1892","squirrel",-6,2.61,545.4,0.10471975511966
"1893","paca",-11,2.7,8172.55,0.191986217719376
"1894","squirrel",-22,1.33,545.4,0.383972435438752
"1895","agouti",-24,1.75,2309.12,0.418879020478639
"1969","agouti",32,0.52,2309.12,0.558505360638185
"1970","agouti",32,1.34,2309.12,0.558505360638185
"1971","mouse",29,1.37,19.3,0.506145483078356
"1972","agouti",26,2.24,2309.12,0.453785605518526
"1973","agouti",24,1.26,2309.12,0.418879020478639
"1974","agouti",22,1.92,2309.12,0.383972435438752
"1975","agouti",17,1.94,2309.12,0.296705972839036
"1976","agouti",14,2.19,2309.12,0.244346095279206
"1977","coati",14,1.06,3775.5,0.244346095279206
"1978","agouti",14,3.7,2309.12,0.244346095279206
"1979","paca",14,4.8,8172.55,0.244346095279206
"1980","paca",12,0.9,8172.55,0.20943951023932
"1981","paca",12,4.42,8172.55,0.20943951023932
"1982","agouti",11,3.6,2309.12,0.191986217719376
"1983","brocket",10,2.8,20546.86,0.174532925199433
"1984","agouti",10,4.48,2309.12,0.174532925199433
"1985","agouti",9,5.34,2309.12,0.15707963267949
"1986","brocket",9,2.64,20546.86,0.15707963267949
"1987","rat",8,0.98,282.17,0.139626340159546
"1988","agouti",7,1.15,2309.12,0.122173047639603
"1989","agouti",7,1.56,2309.12,0.122173047639603
"1990","peccary",6,4.7,21133.69,0.10471975511966
"1991","agouti",6,1.67,2309.12,0.10471975511966
"1992","tamandua",6,1.21,4800,0.10471975511966
"1993","brocket",6,6,20546.86,0.10471975511966
"1994","squirrel",5,1.59,545.4,0.0872664625997165
"1995","coati",4,1.69,3775.5,0.0698131700797732
"1996","coati",4,1.69,3775.5,0.0698131700797732
"1997","ocelot",3,2.11,11880,0.0523598775598299
"1998","peccary",3,4.1,21133.69,0.0523598775598299
"1999","rat",2,0.61,282.17,0.0349065850398866
"2000","agouti",2,2.41,2309.12,0.0349065850398866
"2001","brocket",2,3.68,20546.86,0.0349065850398866
"2002","paca",0,2.25,8172.55,0
"2003","paca",0,4.8,8172.55,0
"2004","agouti",0,3.18,2309.12,0
"2005","paca",0,4.8,8172.55,0
"2006","agouti",-2,3.93,2309.12,0.0349065850398866
"2007","agouti",-2,0.72,2309.12,0.0349065850398866
"2008","agouti",-2,3.46,2309.12,0.0349065850398866
"2009","brocket",-3,2.3,20546.86,0.0523598775598299
"2010","agouti",-3,4.28,2309.12,0.0523598775598299
"2011","agouti",-3,4.2,2309.12,0.0523598775598299
"2012","agouti",-4,1.23,2309.12,0.0698131700797732
"2013","agouti",-5,2.23,2309.12,0.0872664625997165
"2014","brocket",-5,4.6,20546.86,0.0872664625997165
"2015","agouti",-6,3.32,2309.12,0.10471975511966
"2016","brocket",-6,92,20546.86,0.10471975511966
"2017","agouti",-6,2.03,2309.12,0.10471975511966
"2018","agouti",-7,4.32,2309.12,0.122173047639603
"2019","agouti",-8,1.12,2309.12,0.139626340159546
"2020","peccary",-9,4.01,21133.69,0.15707963267949
"2021","opossum",-9,3,1134.75,0.15707963267949
"2022","brocket",-10,4,20546.86,0.174532925199433
"2023","agouti",-10,2.6,2309.12,0.174532925199433
"2024","agouti",-10,2.4,2309.12,0.174532925199433
"2025","peccary",-13,3.7,21133.69,0.226892802759263
"2026","rat",-15,1.1,282.17,0.261799387799149
"2027","agouti",-15,3.8,2309.12,0.261799387799149
"2028","agouti",-16,1.8,2309.12,0.279252680319093
"2029","ocelot",-16,3.3,11880,0.279252680319093
"2030","agouti",-16,3.24,2309.12,0.279252680319093
"2031","agouti",-17,1.08,2309.12,0.296705972839036
"2032","agouti",-18,0.54,2309.12,0.314159265358979
"2033","armadillo",-19,1.2,3949.01,0.331612557878923
"2034","agouti",-21,0.51,2309.12,0.366519142918809
"2035","brocket",-23,4.38,20546.86,0.401425727958696
"2036","brocket",-23,2,20546.86,0.401425727958696
"2037","agouti",-24,4.05,2309.12,0.418879020478639
"2038","paca",-25,1.88,8172.55,0.436332312998582
"2039","agouti",-27,0.87,2309.12,0.471238898038469
"2040","agouti",-28,1.83,2309.12,0.488692190558412
"2041","brocket",-34,2.3,20546.86,0.593411945678072
"2042","brocket",-35,2.38,20546.86,0.610865238198015
"2048","paca",40,0.4,8172.55,0.698131700797732
"2049","peccary",24,3.71,21133.69,0.418879020478639
"2050","peccary",22,6.38,21133.69,0.383972435438752
"2051","peccary",15,3.95,21133.69,0.261799387799149
"2052","paca",4,1.6,8172.55,0.0698131700797732
"2053","brocket",-2,2,20546.86,0.0349065850398866
"2054","agouti",-33,0.87,2309.12,0.575958653158129
"2055","peccary",-41,3.34,21133.69,0.715584993317675
"2058","peccary",-4,1.63,21133.69,0.0698131700797732
"2059","agouti",-4,3.6,2309.12,0.0698131700797732
"2060","peccary",-18,2.03,21133.69,0.314159265358979
"2068","agouti",25,1.22,2309.12,0.436332312998582
"2069","rat",25,1.34,282.17,0.436332312998582
"2070","paca",17,0.94,8172.55,0.296705972839036
"2071","peccary",4,1.8,21133.69,0.0698131700797732
"2072","rat",-2,1.21,282.17,0.0349065850398866
"2073","peccary",-6,4.2,21133.69,0.10471975511966
"2074","peccary",-9,2.1,21133.69,0.15707963267949
"2078","peccary",11,5.1,21133.69,0.191986217719376
"2079","brocket",8,2.48,20546.86,0.139626340159546
"2080","agouti",6,1.3,2309.12,0.10471975511966
"2081","agouti",-2,1.2,2309.12,0.0349065850398866
"2082","agouti",-16,2.55,2309.12,0.279252680319093
"2085","ocelot",15,0.75,11880,0.261799387799149
"2086","rat",8,1.08,282.17,0.139626340159546
"2087","agouti",-12,6,2309.12,0.20943951023932
"2088","agouti",-18,1.73,2309.12,0.314159265358979
"2095","agouti",23,1.94,2309.12,0.401425727958696
"2096","agouti",0,1.58,2309.12,0
"2097","agouti",-1,2.03,2309.12,0.0174532925199433
"2101","agouti",39,1,2309.12,0.680678408277788
"2102","peccary",38,1.34,21133.69,0.663225115757845
"2103","peccary",36,6.3,21133.69,0.628318530717959
"2104","agouti",12,1.31,2309.12,0.20943951023932
"2105","peccary",8,3,21133.69,0.139626340159546
"2106","agouti",2,0.9,2309.12,0.0349065850398866
"2107","peccary",0,5.4,21133.69,0
"2108","brocket",0,3.2,20546.86,0
"2113","agouti",19,5.6,2309.12,0.331612557878923
"2114","agouti",15,2.2,2309.12,0.261799387799149
"2115","agouti",3,1.8,2309.12,0.0523598775598299
"2116","agouti",-2,1.6,2309.12,0.0349065850398866
"2120","ocelot",7,0.7,11880,0.122173047639603
"2121","agouti",5,0.96,2309.12,0.0872664625997165
"2122","opossum",0,0.7,1134.75,0
"2123","peccary",-2,4.5,21133.69,0.0349065850398866
"2154","armadillo",28,2.23,3949.01,0.488692190558412
"2155","peccary",16,2.8,21133.69,0.279252680319093
"2156","agouti",13,1.31,2309.12,0.226892802759263
"2157","agouti",10,4.31,2309.12,0.174532925199433
"2158","agouti",7,4.3,2309.12,0.122173047639603
"2159","brocket",7,6.5,20546.86,0.122173047639603
"2160","agouti",0,2,2309.12,0
"2161","agouti",0,1.32,2309.12,0
"2162","peccary",0,5,21133.69,0
"2163","ocelot",0,0.63,11880,0
"2164","agouti",-2,1.85,2309.12,0.0349065850398866
"2165","armadillo",-3,0.62,3949.01,0.0523598775598299
"2166","brocket",-5,4.4,20546.86,0.0872664625997165
"2167","brocket",-9,5.6,20546.86,0.15707963267949
"2168","peccary",-11,2.69,21133.69,0.191986217719376
"2169","armadillo",-12,0.68,3949.01,0.20943951023932
"2170","squirrel",-13,1.75,545.4,0.226892802759263
"2171","brocket",-28,3.55,20546.86,0.488692190558412
"2172","brocket",-44,1.95,20546.86,0.767944870877505
"2175","agouti",0,5,2309.12,0
"2176","agouti",-5,0.98,2309.12,0.0872664625997165
"2178","agouti",9,2.68,2309.12,0.15707963267949
"2179","agouti",-8,2.42,2309.12,0.139626340159546
"2180","paca",19,4.23,8172.55,0.331612557878923
"2181","paca",10,0.8,8172.55,0.174532925199433
"2187","agouti",0,1.7,2309.12,0
"2188","coati",-16,0.85,3775.5,0.279252680319093
"2189","agouti",-19,3.36,2309.12,0.331612557878923
"2196","ocelot",0,0,11880,0
"2197","brocket",-26,2,20546.86,0.453785605518526
"2217","squirrel",3,4.7,545.4,0.0523598775598299
"2218","peccary",0,0,21133.69,0
"2219","rat",0,2.11,282.17,0
"2220","agouti",-1,1.26,2309.12,0.0174532925199433
"2221","paca",-5,3.4,8172.55,0.0872664625997165
"2222","brocket",-28,2.83,20546.86,0.488692190558412
"2225","coati",7,2.36,3775.5,0.122173047639603
"2226","peccary",-26,3.34,21133.69,0.453785605518526
"2229","agouti",4,2.78,2309.12,0.0698131700797732
"2230","peccary",24,6.1,21133.69,0.418879020478639
"2238","peccary",39,2.75,21133.69,0.680678408277788
"2239","agouti",-2,1.1,2309.12,0.0349065850398866
"2252","coati",38,1.54,3775.5,0.663225115757845
"2253","brocket",5,3,20546.86,0.0872664625997165
"2254","brocket",-26,2.69,20546.86,0.453785605518526
"2263","agouti",-18,2.1,2309.12,0.314159265358979
"2264","brocket",0,3.2,20546.86,0
"2269","agouti",13,4.1,2309.12,0.226892802759263
"2272","brocket",-25,3.73,20546.86,0.436332312998582
"2276","peccary",10,1.7,21133.69,0.174532925199433
"2289","agouti",-3,3.9,2309.12,0.0523598775598299
