"","X","wedge","Mb","iter","aMRS","amMOS","amMOS_sz","apMOS","apMOS_sz","hmean_m","hmean_m_sz","hmean_p","hmean_p_sz","lnorm_m","lnorm_m_sz","lnorm_p","lnorm_p_sz","gamma_m","gamma_m_sz","gamma_p","gamma_p_sz","weibull_m","weibull_m_sz","weibull_p","weibull_p_sz","n_zeros","n_singles","singles_v_mean","zeros_v_mean","n_points","n_detected","percent_det","percent_singles","ratio_zeros"
"1",1,1,1,1,0.196016974652999,0.336618743645252,0.397533262424075,0.188784101456392,0.252695896733729,0.190826118406394,0.182364078932289,0.101517028654092,0.115064367347858,0.186607395577097,0.178984932563207,0.0998294466992006,0.111062143792615,0.152382967607678,0.111367590180665,0.0772978126749127,0.0605007623379473,0.144919256602448,0.127570118866941,0.0750117889834806,0.0743579974949179,92.3621164765044,18.4669998911988,0.718702713334566,0.362067431157095,980,565,57.6530612244898,3.26849555596439,0.163472772524787
"2",2,1,1,2,0.196106627500076,0.339074945120119,0.359659816986611,0.191829016286036,0.235903204395132,0.193758604815704,0.188425330099706,0.102409642802456,0.115181526470867,0.194215513982213,0.188150428828175,0.103575609167036,0.115430382235035,0.164676531888871,0.148460556866499,0.0864689659069101,0.0844681132725426,0.154385260459723,0.145872174869128,0.0844167850705273,0.0871731208445771,96.505099049768,18.5138915224525,0.69241735326992,0.304554666731731,982,631,64.2566191446029,2.93405570878803,0.152939935102643
"3",3,1,1,3,0.194868349436039,0.34250245300644,0.390081321116848,0.186960107714443,0.236529676079364,0.194555966233223,0.177563519969418,0.0937991497677048,0.103970897559203,0.190325742326106,0.180822652767258,0.0921238436776146,0.101283823343683,0.157943396802721,0.124931013215992,0.0653148269557036,0.0541184514242914,0.151568708705539,0.136110328213218,0.0670119429570374,0.0689326391223898,76.1278184968032,15.2684813228672,0.776115252709213,0.353827081055515,1017,645,63.4218289085546,2.36720640664608,0.118027625576439
"4",4,1,1,4,0.196399468345513,0.375304328292704,0.438892521210676,0.183959843135537,0.25145851230751,0.215374106043324,0.215648320727112,0.0887644495689983,0.1031783260767,0.214253928253548,0.215027222403464,0.0907204071833827,0.103787530623281,0.183669157915052,0.1516413490735,0.0686418279789519,0.0516110644582339,0.174922071531723,0.156102156647535,0.0703212811990797,0.0706958362277387,102.656139096791,16.2567183964451,1.01942712939213,0.374285083043717,1003,670,66.7996011964108,2.42637588006643,0.153218118054912
"5",5,1,1,5,0.195237789837324,0.354527201096858,0.381932964152141,0.178425944094724,0.2325987976387,0.199973067323793,0.207750571181502,0.0891350348314713,0.104220401540037,0.19416675401943,0.203833229199122,0.0913991239533766,0.105799628512393,0.154203882934932,0.161264112814906,0.072414242094752,0.0694648283927255,0.146344454071799,0.156289381051253,0.072234331755147,0.0776106379851762,94.2339761517083,20.9125553505081,0.72074720796051,0.321796729863636,989,618,62.4873609706775,3.3839086327683,0.15248216205778
"6",6,1,5,1,0.269926061750356,0.393399496806178,0.457055410786348,0.208849948087543,0.291564572094055,0.21058178314208,0.233852847786954,0.10576556764494,0.127658238692337,0.207871573672791,0.233393661361423,0.105925738307842,0.126673843934909,0.168043347165336,0.184642744276822,0.0817167599278087,0.0763222333616364,0.166372608435186,0.186195712654776,0.0820869213964925,0.0914900579872486,127.260807563562,32.0595075469324,0.775681724055113,0.423093897749738,1017,677,66.5683382497542,4.73552548699149,0.187977559178083
"7",7,1,5,2,0.266890319096535,0.410815571257978,0.478226596393641,0.235999635320584,0.322079095083232,0.22329588089931,0.245560672922672,0.12252591332444,0.147002752354771,0.22214286275668,0.246014206915237,0.126658297184262,0.149874280428901,0.177226418631138,0.191443426490336,0.104841572287494,0.101855341681198,0.169009518158369,0.190071400426037,0.101143855474833,0.110516109837299,137.864684834975,29.6970753834423,0.743092696858087,0.461889543181824,975,659,67.5897435897436,4.50638473193358,0.20920286014412
"8",8,1,5,3,0.269424514158269,0.406752096419427,0.499737349576178,0.219236213989902,0.315043941384048,0.214971738430858,0.238681714909344,0.112236083046539,0.13486507183226,0.210991432282777,0.236397702919398,0.109584852735791,0.130044848878696,0.166856070726871,0.163600449212002,0.079234670278381,0.0623356061588368,0.166924186487726,0.175029634532397,0.0803759210217421,0.0869932834098966,144.963364236676,44.7384748316335,1.02080720187973,0.396948357794197,1117,741,66.3384064458371,6.03758094893839,0.195632070494839
"9",9,1,5,4,0.267662300838216,0.401797556790668,0.539302344764645,0.215908136483677,0.318698595218056,0.214632148001299,0.270549367935406,0.10534464906273,0.12767470213438,0.209472673090876,0.267602479574459,0.105520579343095,0.125944440762296,0.1586482805791,0.198106656756162,0.0769929117698685,0.0562667359558238,0.155305075444709,0.202427465121169,0.0795558859294088,0.0855164915719251,137.453715951639,33.4737507899311,1.06180011225932,0.497430529064943,1291,830,64.291247095275,4.03298202288327,0.165606886688722
"10",10,1,5,5,0.268302596068205,0.419762641302319,0.56753003978491,0.234852352231199,0.356575255346072,0.26269963413091,0.298159631480495,0.128487863267799,0.157363441613049,0.26022819921481,0.288538049393848,0.127098549186749,0.152104753023554,0.232230402704207,0.209919559133124,0.103167257043969,0.078318990335233,0.213074300738412,0.209792911076093,0.0994622247905285,0.101809340591756,127.908343953634,37.7085247040183,1.20199847515503,0.469697871125949,1101,681,61.8528610354223,5.53722829721267,0.187824293617671
"11",11,1,10,1,0.310605419849583,0.466576507662261,0.656060299084126,0.259932786858039,0.419277118008115,0.273842619321003,0.315769176614398,0.136623853290705,0.171294071412838,0.275331083838947,0.312887503687635,0.13474997652788,0.165056029087055,0.244891482887646,0.218929304982741,0.10400477216006,0.0672364137723772,0.233099440695797,0.232206658384577,0.102505883085433,0.108493987929426,124.76306980897,32.4346934123305,1.16389388805537,0.619350446412533,888,574,64.6396396396396,5.65064345162552,0.217357264475558
"12",12,1,10,2,0.30870984322291,0.431504497243774,0.599872403422427,0.243912324455921,0.382348689717509,0.231823410290954,0.258259266493233,0.127540046392979,0.154774411765147,0.224261106672595,0.274465432254055,0.124349463683091,0.150486007928222,0.170348878526788,0.188782436169499,0.0895915523270182,0.0613986759144839,0.168019739396052,0.20843839082485,0.089016281541582,0.0988397232485173,135.700323104846,43.8537761219518,1.09368574447997,0.525450372069176,969,625,64.499484004128,7.01660417951229,0.217120516967754
"13",13,1,10,3,0.306797712966219,0.47899496138497,0.613257304649968,0.266093931371619,0.402028119382953,0.26302146101188,0.306066453349639,0.139209424384557,0.173322558521898,0.261319159581321,0.299935998873044,0.137671014972,0.16836615177946,0.211628003690874,0.212561589265687,0.103820742317367,0.0835172507978733,0.201980686997414,0.220101439222384,0.101738023787059,0.112704795954231,156.266434249907,48.9537558288806,1.15168584636008,0.520590294683641,1123,716,63.7577916295637,6.83711673587718,0.218249209846239
"14",14,1,10,4,0.310065345843633,0.406721510025758,0.595686518172419,0.254798009402422,0.389889853427409,0.237599481194805,0.307104668075738,0.119569223235906,0.152071793722081,0.234132399409423,0.302861294067727,0.124263847581634,0.155795837982507,0.196230336722423,0.225607417405138,0.0924216818674103,0.0746258880460014,0.181802672842522,0.225164735381634,0.0951542792763236,0.107747738767998,141.667629549521,46.4608748836111,1.13693260128256,0.531983022666232,1039,675,64.9663137632339,6.88309257534979,0.209877969702994
"15",15,1,10,5,0.308509292406973,0.441313071309717,0.572653477224907,0.239740761081393,0.366060988646199,0.236085968969654,0.297727170474425,0.134685532657973,0.167551990756269,0.228484981622574,0.296825297438172,0.131561558997497,0.161728633314655,0.173766247055369,0.236983493197409,0.104487099486958,0.0952348362170941,0.172098377851605,0.236524938657593,0.098672481920231,0.113146290709714,145.786723359061,41.3515779978849,0.932207916548031,0.537708935690077,1031,673,65.2764306498545,6.14436522999776,0.216622174381963
"16",16,1,15,1,0.331692993458897,0.484068753345131,0.647213757943853,0.292774702849267,0.451097711881329,0.296432336701579,0.336840162589958,0.16838355456187,0.209791016071664,0.294600668326638,0.326856277955019,0.169395047671175,0.205651388168612,0.259632011230382,0.228224017337067,0.147576143578595,0.120965548891033,0.23799343180933,0.228769684375551,0.139417831025598,0.13896085743763,137.813006103638,34.4161519194449,1.36708336163391,0.586411603439056,900,556,61.7777777777778,6.18995538119513,0.247865118891435
"17",17,1,15,2,0.332386176664327,0.409765514314551,0.578237237431444,0.250487903651424,0.38559460112844,0.242690884756865,0.309671323641637,0.133535387766451,0.169672399603196,0.24296595699624,0.304137594635144,0.134058163581693,0.167826958567727,0.213292072322407,0.232733631991398,0.109069358305647,0.0958538941074832,0.19922945253278,0.22583787474728,0.105794121869996,0.116736887637135,154.704483444454,42.8277531481955,1.04068606139623,0.537132937899127,1153,714,61.9254119687771,5.99828475464923,0.216672946000636
"18",18,1,15,3,0.333850125766834,0.476451528907793,0.605037757945895,0.292647645753489,0.438689782406707,0.254401224953133,0.318126544737687,0.155225685527708,0.201376115890656,0.253434320550108,0.318059620961827,0.152985024492296,0.198488943758963,0.205944685099797,0.254304424724082,0.120048388307148,0.128480935094036,0.202192388482528,0.24984622447804,0.118294586430788,0.145179802287084,172.702992980694,65.7249866076716,1.00572577840821,0.514313110741261,1137,649,57.080035180299,10.1271165805349,0.266106306595831
"19",19,1,15,4,0.334517205401872,0.531204257541967,0.643506759633529,0.273410941087611,0.404133541453273,0.275160742287187,0.319648112088165,0.129193091545295,0.160485946664593,0.271027925087876,0.318645961669643,0.131335500300121,0.161436294501401,0.205075453764304,0.236268194351967,0.0960977011918385,0.0785089783988989,0.204865948948044,0.2415939576197,0.100842951954991,0.112554016098067,151.633878381895,38.8734829730606,1.28803426417512,0.546233619145338,1182,757,64.0439932318105,5.13520250634882,0.200308954269346
"20",20,1,15,5,0.337618537666277,0.486935122079927,0.643316849841624,0.287638353889341,0.427132025482683,0.274525925518107,0.3143707179834,0.148316576381741,0.181851888836261,0.270335967942044,0.308299519438742,0.147800216790706,0.178036877775411,0.22254315828499,0.211310692514988,0.114609502280345,0.0895097585315613,0.211526750360269,0.223465440768618,0.11396443606742,0.120643516171437,156.925410540831,56.4160124353996,1.25394214688918,0.538221878514307,1242,819,65.9420289855072,6.8884020067643,0.191606117876473
"21",21,1,20,1,0.354454988628527,0.494562537893475,0.679610459046987,0.283954518572338,0.449397059130543,0.255879176959279,0.345875610605212,0.139882986322519,0.182188209865969,0.259220018511703,0.348027756274912,0.141205796772926,0.182542576749035,0.211373059017222,0.27177373644931,0.108371838249893,0.0950923539154679,0.209753850277454,0.271381095635059,0.110846674191545,0.129419860271992,135.300306572795,62.2664044628334,1.05713036816931,0.612693113551,1037,685,66.0559305689489,9.08998605296838,0.197518695726708
"22",22,1,20,2,0.354691639745432,0.513826731432723,0.688758837659057,0.284329608674276,0.447194627730596,0.267828284566824,0.338376437366334,0.141447671267706,0.180310075158864,0.266070091902115,0.332293527995896,0.139970413410376,0.175881092182994,0.211429787706589,0.233845393425696,0.103857230527341,0.0759873542340408,0.211122482160765,0.245430810097747,0.107171532651864,0.11838111728899,154.068721931691,54.1971896308378,1.19146078828966,0.626565531424183,1237,740,59.8221503637833,7.32394454470781,0.208200975583366
"23",23,1,20,3,0.354380304208,0.514114607562213,0.733609144895705,0.289288274270018,0.483296034391471,0.29146223348666,0.358336248937197,0.149917079211329,0.19441394530949,0.288435627544551,0.354736511004691,0.149999172348015,0.190094425000542,0.243146480119159,0.266139773493596,0.118845232553511,0.0875066239262935,0.23218057064908,0.280612530102133,0.118133551038095,0.131229812304513,150.640685971318,48.9815015185196,1.3803315222136,0.646310932889222,959,627,65.3806047966632,7.81204170949276,0.240256277466217
"24",24,1,20,4,0.356037327718329,0.441616697465866,0.640230319835296,0.282831000184899,0.447341445350473,0.276249452542413,0.340298283767419,0.132809372283596,0.176560225592017,0.275199312022353,0.339593455319435,0.13367748391973,0.177707279087206,0.249415652647255,0.269902344240469,0.0944933382267422,0.0879770085301411,0.232192799087398,0.262291156708533,0.100915202168252,0.125669031489966,137.533944120442,58.6421906679105,1.11915227716468,0.553828936432954,904,586,64.8230088495575,10.007199772681,0.234699563345464
"25",25,1,20,5,0.35167296154521,0.48810360835453,0.712783341675828,0.324776026316304,0.504544917678327,0.287122830398244,0.365978163639734,0.148486552330124,0.196501025566955,0.284843993759751,0.363416232147032,0.154724685682094,0.203320725596289,0.23720902128837,0.270348303543041,0.115363520931543,0.105343848380193,0.214764638719275,0.268327947849211,0.121665250557442,0.144939297720792,146.829384325076,64.0647858868496,1.30407309572296,0.603617280014873,960,602,62.7083333333333,10.6419910111046,0.243902631769229
"26",26,1,25,1,0.369092299141046,0.483476516378559,0.674540833222892,0.295014826212139,0.457532734850793,0.311550235443237,0.361956999694518,0.1727909732101,0.21631052469597,0.311982548105068,0.360798044661298,0.171285911759725,0.211057216058856,0.288605237307946,0.286856826616607,0.14584321355935,0.132592378389077,0.268575869689563,0.2761848702041,0.134762896534879,0.147760340953544,159.289584820943,51.8428270997911,1.2004571395171,0.594408658738507,1077,676,62.7669452181987,7.66905726328271,0.235635480504354
"27",27,1,25,2,0.369724471735073,0.537080152859308,0.709881422176536,0.32859892002754,0.50783024376611,0.307297644496075,0.356357468939071,0.17739270211586,0.225643258734907,0.312198701800682,0.360925467331393,0.178604464001992,0.224628174770118,0.27957948801533,0.280295531180085,0.147964751523829,0.137202089974963,0.271129467943221,0.279480594852581,0.142718912625316,0.160804782246116,163.469695450054,41.8448917070017,1.20828897207099,0.678921265556648,894,557,62.3042505592841,7.51254788276512,0.293482397576399
"28",28,1,25,3,0.367509039381281,0.525950442905836,0.719514253772256,0.352665532005472,0.534194519325815,0.335220019137994,0.340320094887804,0.198924899135097,0.241078245106891,0.334971147578122,0.345512653086563,0.20011639372726,0.238767634277499,0.303135311282205,0.248094830168933,0.167815900346947,0.143550647323342,0.275476044188641,0.260406064032835,0.155428413861966,0.167120204136488,172.82976406851,57.0643907523202,1.38878069605235,0.611694879085664,940,629,66.9148936170213,9.07224018319876,0.274769100267901
"29",29,1,25,4,0.366755973191831,0.481834222339319,0.6905848256899,0.300518419292164,0.470356118619238,0.291890115031953,0.306050528894589,0.161425393247287,0.195405336804043,0.291184397840525,0.32592030460339,0.161068484171797,0.194446339513707,0.260331971458645,0.236366964205853,0.131431260542171,0.101074631285525,0.245210337795839,0.251421470215339,0.127932677169692,0.135220269655326,153.853621734282,55.4492143229757,1.27917356717507,0.610880167910753,1045,680,65.0717703349282,8.15429622396701,0.226255326079826
"30",30,1,25,5,0.373181367181746,0.520177432398492,0.759830024821349,0.307124147832664,0.50509768933058,0.292234461207996,0.367005771430456,0.166726730181274,0.212462640397656,0.289679194122587,0.363607184877089,0.163724405805874,0.204218424683386,0.242323997069963,0.248800370079171,0.122737236131199,0.0842888788312876,0.232080200652008,0.262962480445631,0.116415407480158,0.131182261774351,166.532353763677,66.6545287170214,1.38337652712212,0.658627549158415,1116,732,65.5913978494624,9.10580993401932,0.227503215524149
"31",31,1,30,1,0.380445806761481,0.478860225818698,0.684042219604659,0.282191324615059,0.443648750712818,0.283657794846708,0.337864360942162,0.152016566813158,0.189182747347767,0.279670733312271,0.335424321788079,0.151298064963445,0.184327436746247,0.242914062031762,0.250216932523323,0.121738079707573,0.0942720756319132,0.230077587971146,0.259228563383482,0.117663835857189,0.126358187363165,144.262499447796,54.7305886097828,1.18969592296484,0.604624433401083,1083,689,63.6195752539243,7.9434816559917,0.209379534757324
"32",32,1,30,2,0.380887301696941,0.52672865764565,0.691950943308074,0.32597786529977,0.476994305302401,0.297503801214376,0.33641377371519,0.163769215696158,0.201494529367329,0.300921982805649,0.335866172213408,0.165283510419604,0.200362959872815,0.264683475019084,0.24032686691863,0.128007121629753,0.106589165409114,0.255363089793805,0.249691998742423,0.128454825619021,0.138750149952494,139.157903051444,54.2440501734274,1.21674558531101,0.603901367816917,1098,693,63.1147540983607,7.82742426744984,0.200805054908289
"33",33,1,30,3,0.382580213794928,0.554268161950863,0.672442357156925,0.338166862487953,0.494388050703189,0.331191098886648,0.341334692377873,0.16821729515082,0.213742670657213,0.331662076989711,0.337155277599941,0.168628587622112,0.212254534092788,0.292132849806071,0.237747168143902,0.125351013977235,0.11408321576949,0.270584800053631,0.239037325395179,0.127036907112298,0.14456578894833,191.509795238759,54.2291685557246,1.39633422557191,0.531825847493088,1015,659,64.9261083743842,8.22900888554243,0.290606669558056
"34",34,1,30,4,0.383591060386586,0.557285245426509,0.737485494784175,0.318542825170567,0.497006288622971,0.336130505275531,0.381081607892131,0.192594455965077,0.237610749913558,0.331062788173379,0.377087842537501,0.18961386544983,0.229143266126465,0.290842035027879,0.286561665203238,0.16244920950093,0.139462883933508,0.274794117761987,0.285271479945526,0.148232867929153,0.156905409217017,184.040736486476,70.7239477795432,1.36260513687318,0.627862653750676,1266,816,64.4549763033175,8.66715046317931,0.22554011824323
"35",35,1,30,5,0.384943997904947,0.497448461558515,0.724330831581434,0.329734996546964,0.526651016674046,0.304609843339626,0.365752773358536,0.18915097448108,0.242198200077663,0.301498511113983,0.354872155514671,0.183977437974423,0.230732526669091,0.265244812560906,0.246275940716377,0.143178670127196,0.120882008682511,0.24448232985958,0.254908808902959,0.131608268536694,0.151564174266211,187.87390263496,57.8867638837037,1.42517992266064,0.617720385344059,1049,662,63.1077216396568,8.74422415161687,0.283797436004471
"36",36,1,35,1,0.391930973652595,0.563680383497044,0.826517430545751,0.308357838799897,0.545191462739387,0.311177233978297,0.388429442910608,0.148594008779672,0.199422880682202,0.309234617882598,0.384871993921998,0.151333064856689,0.198606481678411,0.260960716730055,0.255747829281343,0.113491013740029,0.0596014012377356,0.254792730654916,0.278926215447245,0.116993962024586,0.130012885819404,167.135339900125,73.1808377295599,1.46172931448958,0.719106333771798,1065,687,64.5070422535211,10.6522325661659,0.243282881950691
"37",37,1,35,2,0.391667713683032,0.487821142052323,0.721131014908349,0.32955954447672,0.522398505058907,0.307293438504254,0.379252012455013,0.181528378297605,0.235797396815078,0.308552208917982,0.379423693893182,0.179010809217031,0.230930081772299,0.282781686889759,0.298699546260427,0.144053868940093,0.138254893211303,0.262730860755423,0.290559898621864,0.137839287592336,0.163215964667339,184.575736551401,70.9329656846928,1.32879543007318,0.622633134447466,1073,661,61.6029822926375,10.731159710241,0.279237120350077
"38",38,1,35,3,0.393570243218001,0.561517260677621,0.774772457393073,0.355680865672329,0.589008634721742,0.343311962131485,0.379779091007837,0.171342746860799,0.237563233653514,0.340817252532663,0.375097157947933,0.177664207329968,0.240961506181641,0.306357425673549,0.260158939827621,0.130664632265233,0.116629518951806,0.291278256147267,0.271494463319686,0.130801292218271,0.163480591461899,159.467652736494,55.2459621037208,1.51306284275005,0.601231325948541,719,435,60.5006954102921,12.7002211732691,0.366592305141365
"39",39,1,35,4,0.396839323454558,0.506396055028238,0.728314325249398,0.313592836175826,0.486262091140668,0.314164016231209,0.364446366615024,0.173666513182649,0.214290527776918,0.312094688959685,0.361797669562592,0.17313860200581,0.208794885281056,0.279876191695629,0.273766658550776,0.141581365252575,0.114737325707978,0.260077916774212,0.280838277575625,0.133854106869034,0.143872932442727,177.076860572709,42.9178257066358,1.39908786448648,0.68109720761571,1093,743,67.9780420860018,5.77628878958759,0.238326864835409
"40",40,1,35,5,0.393395387714095,0.515826893246524,0.783312150728639,0.329954690233672,0.561114440090473,0.31139258992049,0.338175367143234,0.177127645434624,0.22472218726504,0.305648199454556,0.348686954662685,0.174491092632654,0.219479461692572,0.260998938305512,0.228324000383485,0.137718193262228,0.0943201198760714,0.239691345056251,0.260960114212467,0.134380435800106,0.148259738694166,148.529135459316,64.9016095964351,1.36939557119924,0.674110572898218,885,535,60.4519774011299,12.1311419806421,0.277624552260404
"41",41,1,40,1,0.404281519014093,0.518718811580793,0.705013383423041,0.327980839519752,0.511731149655202,0.331035123244332,0.37042047362172,0.194252050349883,0.244688177782667,0.330256668228477,0.366175252790041,0.196256937361032,0.241661952482419,0.300941420605389,0.279969731277541,0.175479291396468,0.159706223523514,0.277102547579742,0.274630792006062,0.165153213696776,0.171843336440465,188.093129801339,62.0672467577734,1.38445298344979,0.578166657857002,1081,671,62.0721554116559,9.24996225898262,0.280317630106317
"42",42,1,40,2,0.402861542807982,0.574371808407722,0.791260004620109,0.326949395419013,0.533890132630785,0.304181642827557,0.365113839159185,0.165228253932438,0.212801909511682,0.299946066454338,0.359133026481813,0.165601546258683,0.208633119352199,0.236201924323675,0.225568382344524,0.126065076970595,0.082920617731305,0.233220234565223,0.255527792731296,0.12627899928066,0.137193425465663,152.265301760479,59.8458580265886,1.39854714935325,0.684030416341691,938,623,66.4179104477612,9.6060767297895,0.244406583885199
"43",43,1,40,3,0.402094257708123,0.544982643679891,0.696243463736059,0.340417555537593,0.51930436547811,0.316219131095296,0.358956188282695,0.179324236660455,0.233208271124165,0.315632847747376,0.359088396140082,0.179933510757954,0.232483894364253,0.274627978649764,0.284774167636866,0.148598955544827,0.152101486690552,0.260115233039954,0.284275916646025,0.147478500121539,0.17325028580223,187.806854674196,58.7918352409039,1.145766143851,0.63658393867806,953,582,61.0703043022036,10.1016899039354,0.322692190161849
"44",44,1,40,4,0.406128892261726,0.518154869928941,0.810931767384909,0.310285683183855,0.538795484709883,0.308926621524364,0.363808577778475,0.18287817781852,0.228482470240007,0.30286077803744,0.354667379574518,0.180164890250803,0.216491292079232,0.257019896859495,0.207252920085081,0.15198998344105,0.0845924838869754,0.237257423938502,0.249436977705826,0.140315867562807,0.137218542335876,174.396860946053,67.6078646337254,1.42728031674049,0.737475820061689,1126,728,64.6536412078153,9.2867945925447,0.23955612767315
"45",45,1,40,5,0.408497217732533,0.51226138776739,0.739713793047309,0.330340812925688,0.520102116553703,0.314253868520945,0.359996926923031,0.187124099060943,0.232253985631154,0.312819508257096,0.353968884286363,0.186381237923954,0.225466955666288,0.27835684037199,0.243957867629191,0.155756249629244,0.121525244094751,0.258062053086995,0.258030512632913,0.146207293178911,0.152278873880172,182.229213219589,66.8969561054101,1.4539457594932,0.604565311689262,1125,760,67.5555555555556,8.80223106650133,0.239775280552091
"46",46,1,45,1,0.414781773805559,0.562483074090267,0.786581084994565,0.389545206631906,0.604672592753288,0.34695918623936,0.402456472960791,0.22975904075359,0.291284748109331,0.33918109644204,0.3963044192073,0.226779480185485,0.283168445282399,0.286504678747583,0.297139930129856,0.189234242331356,0.183981551655386,0.256239857286787,0.300277923723916,0.172550583204792,0.200749942968013,170.118651372203,57.2362113274389,1.53932412991646,0.639117247246017,844,531,62.914691943128,10.7789475192917,0.32037410804558
"47",47,1,45,2,0.411481691526529,0.512400705572287,0.775793507216485,0.34695292800388,0.562028082942394,0.306855771732128,0.396965495796072,0.179464065697154,0.238290883813184,0.305581604545621,0.396745781353719,0.177949349603853,0.234750511791592,0.270156802573468,0.308984090512016,0.133429728397708,0.126700016986591,0.253991250944383,0.309068048087353,0.131881370301409,0.164847506813839,190.177532419978,74.121322756081,1.43834040863473,0.653863423479476,1050,679,64.6666666666667,10.9162478285834,0.280084731104533
"48",48,1,45,3,0.412741483766108,0.55126343490421,0.745310105399353,0.342644069746492,0.548556477434918,0.305539291790707,0.407157769616232,0.18648022593962,0.252856056475595,0.311480180513729,0.406998703379212,0.186909431827217,0.252174129366286,0.269368531691676,0.336242207878484,0.156992722986334,0.170541247310673,0.257839309028868,0.324351776029824,0.152851263883246,0.188146077924859,182.467786050531,64.5821847761806,1.22509300728539,0.672889272542653,957,586,61.2330198537095,11.0208506443994,0.311378474488961
"49",49,1,45,4,0.413018591205127,0.586128348163681,0.787123872581914,0.387102276459919,0.603422069709491,0.348628531959227,0.367890330982122,0.213100950584153,0.26776357126273,0.355538007688593,0.373805776359438,0.210623561317467,0.262451576607799,0.324496502328875,0.275095611328457,0.170496519018878,0.15582529468682,0.311011261928541,0.292376601006051,0.163349745377145,0.187604216687663,205.724551135072,81.0779059912125,1.35842813394801,0.651806057166961,913,589,64.5125958378971,13.765349064722,0.349277675950886
"50",50,1,45,5,0.416185472553093,0.641064866113094,0.804890601320868,0.368325591604789,0.573806674726182,0.358268032274196,0.423445920178049,0.19587238052104,0.256901429573319,0.366872025883651,0.433385185754724,0.195325034423107,0.256265718046951,0.327643990964464,0.363652558206869,0.157273923662817,0.166219293982263,0.320620426334059,0.356070142096311,0.153752896236934,0.190128971508488,164.405272402989,68.3239080566058,1.38665732809937,0.653795279923479,889,570,64.1169853768279,11.9866505362466,0.288430302461384
"51",51,1,50,1,0.423950580707847,0.542266379079115,0.77376398851124,0.343076559037349,0.554086028458415,0.338288847611293,0.393186266446761,0.201395786130696,0.256288590403572,0.332124039372863,0.39337003238126,0.201944966118366,0.252655023065141,0.291123259284316,0.299032991797059,0.176714345546512,0.158743863907886,0.26672106815736,0.298847956411691,0.165369688926571,0.178906032057138,163.640228320884,65.433343773542,1.45869325427456,0.628005060578714,949,623,65.6480505795574,10.5029444259297,0.262664892970921
"52",52,1,50,2,0.420350021006571,0.562264541429694,0.799210577272506,0.347073302645633,0.578789755807167,0.327325045873873,0.394498804374309,0.163366890371352,0.224044119741902,0.339245267970043,0.396330468777443,0.167788963586135,0.227792912902455,0.312421526082124,0.290757709095933,0.127799785435567,0.107619224794678,0.299872431179884,0.295705321901638,0.133577606139837,0.159317331047743,182.349624765785,63.7932996303033,1.32653299434185,0.71205245435125,945,588,62.2222222222222,10.8492006173985,0.310118409465621
"53",53,1,50,3,0.422331168505048,0.617753909779791,0.810194580196937,0.398637130054101,0.612887621029711,0.357196836914197,0.420390023101802,0.173005774481915,0.240443151316293,0.356399320716504,0.415587433933901,0.187943598886805,0.256805854917212,0.301874449890771,0.320191679529741,0.145651250804602,0.155744584334225,0.2783829011488,0.319375205205171,0.155365449881092,0.192747723421218,171.809349654856,75.9721513256517,1.32702087020781,0.67856324486006,934,559,59.8501070663812,13.5907247451971,0.307351251618705
"54",54,1,50,4,0.42283395289366,0.554604947409705,0.774450136323824,0.299743439269712,0.519599927981783,0.333548777699835,0.381141201312235,0.165978148338354,0.217741226075885,0.329702191308844,0.379601113712528,0.164199086317786,0.210782170062038,0.290401826856288,0.282051777409514,0.134591282435698,0.100337356602706,0.274364353765691,0.292292595320937,0.129166875920505,0.14298382124623,179.818899550196,66.8958818158123,1.42084171170571,0.639679245020949,1092,658,60.2564102564103,10.1665473884213,0.273281002355921
"55",55,1,50,5,0.420182263977018,0.540986323882087,0.711386278335007,0.322807146916529,0.49573612822026,0.324634906442894,0.385943921755013,0.186853567875453,0.236830624605142,0.322261583586567,0.383115957197001,0.186397843879539,0.233002546702647,0.279995926194551,0.310260718975643,0.160583433521506,0.15660991895743,0.25841250071467,0.300201174012754,0.15125969782631,0.169206258091075,187.439702701214,57.8311896090325,1.14668859615638,0.668816484764835,1171,755,64.4748078565329,7.65976021311689,0.248264506889025
"56",1,2,1,1,0.196016974652999,0.304069523462201,0.404886666971243,0.179897099792201,0.243496987680914,0.174137949635222,0.193487748494358,0.0937437378465333,0.10743870472559,0.171077898745274,0.188224740610427,0.0933517341664305,0.104815634774422,0.141697068134352,0.120952011558725,0.0719628704750655,0.0548003859735565,0.133634972736531,0.133166826452718,0.070619188874556,0.0700731383710533,24.2130268906278,11.7266155012179,0.942922136654798,0.35631746608688,2687,821,30.5545217714924,1.42833319137855,0.0294921155793274
"57",2,2,1,2,0.196106627500076,0.398166784449224,0.397317918897481,0.192748571002945,0.236603106905566,0.204753444098878,0.202873380366729,0.0919982496249505,0.104185401559358,0.19578845707161,0.200664979171084,0.0929678856623843,0.104787877647432,0.133358456035354,0.1525244743614,0.0679058983288715,0.0665876104785753,0.138088317328494,0.153996644452544,0.0710319564466079,0.0770764526357062,29.877907405708,12.0139276375919,0.664942509757737,0.354672523139136,3198,1063,33.2395247029393,1.13019074671608,0.0281071565434694
"58",3,2,1,3,0.194868349436039,0.296202524301064,0.401425763706279,0.169750955146261,0.225023798197704,0.186412638213343,0.200941043630884,0.0941371260572622,0.105701402287066,0.1839207171777,0.195449942165978,0.0952718611875048,0.10455996275074,0.162345985355885,0.132553723464621,0.0806197181534098,0.0646337509834773,0.147329330536457,0.138129603997378,0.0762474700417457,0.0716792340139545,26.6690628439679,13.9784284292375,0.921734233384155,0.36433451704028,3146,1074,34.1385886840432,1.3015296489048,0.024831529649877
"59",4,2,1,4,0.196399468345513,0.37056551630384,0.427117104538017,0.191741163229932,0.244463097848571,0.177338256763472,0.211635617362545,0.0909734333950173,0.103628996057704,0.178565473123983,0.210729484653743,0.0905792595353022,0.102405044770057,0.118400357565936,0.148645370292785,0.0616408911625911,0.0531071873241021,0.124516758544051,0.152096946488294,0.0660108205648916,0.070137411700083,18.7133979439749,18.2266769069192,0.706292221480527,0.389387713257938,3148,934,29.6696315120712,1.95146433692925,0.0200357579699945
"60",5,2,1,5,0.195237789837324,0.298708827091489,0.383033933195423,0.165335844866213,0.212152296825512,0.187043269406557,0.18213741711261,0.0852661678946149,0.0941053127860604,0.183158797639112,0.182873843063606,0.0842013094806425,0.0914753549806533,0.160461584241642,0.130699346807778,0.0645585395861505,0.0506471887090247,0.146684679447841,0.13806072921891,0.0647803457331844,0.0631442611985498,26.7743749407471,15.36521036812,0.881739351033784,0.353391493406816,3399,1097,32.2741982936158,1.40065728059435,0.0244069051419755
"61",6,2,5,1,0.269926061750356,0.462072020794493,0.530970587889672,0.248441254809372,0.341310410865236,0.251140908416103,0.260825378619736,0.131379821833596,0.155069500674164,0.243418643149158,0.261656099294151,0.131056043071505,0.153179364366519,0.185858051989829,0.194385360190287,0.103827920269763,0.094832122134524,0.181099676772315,0.199722100320525,0.101295286166618,0.1090625477788,36.2579919213709,22.373544011315,0.910791504279203,0.484663875922815,2881,985,34.1895175286359,2.27142578795076,0.0368101440826101
"62",7,2,5,2,0.266890319096535,0.405489320667113,0.504539976018356,0.232964108404021,0.313706290462865,0.247894535079636,0.271344612327189,0.125324470099797,0.146228959601922,0.244238373702904,0.272289876905651,0.125617753788843,0.145003567613911,0.212965981595944,0.224027412990911,0.100986858853151,0.0948046427427498,0.195985834618745,0.217715951364788,0.0967549704859665,0.104501159058191,36.6205233465969,28.1300564603836,0.720539630026201,0.503682964021616,3405,1140,33.4801762114537,2.46754881231435,0.032123266093506
"63",8,2,5,3,0.269424514158269,0.478830142630211,0.598453150059709,0.264714638602815,0.372485993180911,0.270727597970183,0.293167085522576,0.123750876268304,0.14847119629604,0.269087503950606,0.287487029029937,0.123333347974487,0.14602336346664,0.228954659324313,0.196345269720223,0.0832132540101251,0.0600512697537793,0.219775301221777,0.207037695801763,0.0905314031843217,0.096886561246617,32.3874632093011,27.2100323225707,1.05609043560119,0.554943520730294,2825,947,33.5221238938053,2.87328746806449,0.0342000667468861
"64",9,2,5,4,0.267662300838216,0.461282096152456,0.516973811281725,0.249005153338856,0.331792569587818,0.24674921213533,0.262700553433546,0.128967612815708,0.151341008587326,0.241829816487859,0.262717500216374,0.133001499936051,0.154270110323661,0.185988782616192,0.198488111350045,0.11116981355952,0.104713483867246,0.181615396485627,0.198069971103526,0.109191098176196,0.113754618116243,33.3382407854093,22.418943845136,0.892659351583965,0.478682209749878,3119,992,31.8050657261943,2.2599741779371,0.0336070975659368
"65",10,2,5,5,0.268302596068205,0.460209139841814,0.529746017410041,0.231326627245301,0.313928006776556,0.229145527793445,0.251559622552956,0.110898010747217,0.129687229529175,0.221358425608054,0.251536265690481,0.109252447465243,0.126678605248003,0.15103590937156,0.179892919775386,0.0743868143315793,0.0608079501689658,0.159670319792149,0.191693064340241,0.079836862129783,0.0868003953974329,35.9388698135279,30.1238269504952,0.851751549992181,0.490687984532396,3449,1130,32.7631197448536,2.66582539384913,0.0318043095694937
"66",11,2,10,1,0.310605419849583,0.500436332275403,0.636233394638979,0.300969331870587,0.431077041860721,0.286158343400012,0.315278069404321,0.166646766315722,0.199842072121468,0.279324015080343,0.308226053119002,0.164760501311081,0.193857305014265,0.224177773312909,0.214707595993985,0.129908582390265,0.111826614380198,0.209388431120388,0.224425165307658,0.121467892481082,0.131288836445792,37.7586451780779,31.4970028308315,1.17723917613377,0.573619231762078,2597,815,31.3823642664613,3.8646629240284,0.0463296259853717
"67",12,2,10,2,0.30870984322291,0.600268682556401,0.680649168425874,0.322002971124712,0.458247287004891,0.328843675709842,0.331772760774553,0.168841248453105,0.204223972926665,0.318687946129595,0.332469456552761,0.169803186867443,0.202980367137058,0.244911824311112,0.24814275194761,0.136371673619624,0.125910608269229,0.237031957185105,0.257578664719852,0.133737908560604,0.146717037211408,37.9867075300679,29.1765071026021,1.13312176767537,0.620738775729999,2792,809,28.9756446991404,3.60649037114983,0.0469551390977354
"68",13,2,10,3,0.306797712966219,0.573078009724346,0.644704017817701,0.323820248600827,0.439840250778731,0.303303937585126,0.320353324017836,0.168544813093247,0.200887261114652,0.29943991297098,0.321682856275937,0.170408520593233,0.201332230818606,0.232210257774314,0.240304513713637,0.136104421001203,0.130516193402332,0.228073732212023,0.244013947320383,0.133107150185541,0.145361386903291,35.4344021385411,30.8605971434549,1.23572277592565,0.547798841716489,2385,821,34.4234800838574,3.75890342794822,0.0431600513258722
"69",14,2,10,4,0.310065345843633,0.483311012575806,0.595944849298537,0.281636794482843,0.388331344186197,0.299997130486373,0.328555077246756,0.153995560776373,0.183902346366681,0.293152422313107,0.323612743235432,0.154371170472738,0.182136866629527,0.253418875728194,0.260253847442644,0.126822582364936,0.121129609342651,0.231096873851437,0.249519805748198,0.120812432729697,0.131157406224178,40.1388508775411,30.1686867941178,1.10772010511946,0.527965253796357,3245,1044,32.1725731895223,2.88972095729098,0.0384471751700585
"70",15,2,10,5,0.308509292406973,0.54968628566051,0.682995601780077,0.305460977975322,0.435251018527305,0.317029128658226,0.35769313703442,0.160443836962068,0.19374235563157,0.308884753481029,0.349396605777894,0.163006149213354,0.19367207396317,0.250375403124626,0.253822277379822,0.133684971350947,0.114994539014228,0.233740492568612,0.250995222018396,0.130336438771315,0.135010110379054,36.6929088762702,26.7413199627058,1.21537760853415,0.626069579560187,3071,925,30.1204819277108,2.89095350948171,0.0396680095959678
"71",16,2,15,1,0.331692993458897,0.554541916622968,0.664926982468342,0.307577648347998,0.441391952247061,0.300698135862605,0.340804861124195,0.14751147420258,0.183895061712002,0.298910622324517,0.34150899408992,0.148078769020439,0.18405163336816,0.241083871180376,0.26508915713184,0.108131473802584,0.102476839181578,0.232171796658337,0.263396162609961,0.113416089722602,0.131848991244074,43.662033500393,34.4621849172503,1.23891701977385,0.597203644665956,3028,978,32.2985468956407,3.5237407890849,0.0446442060331217
"72",17,2,15,2,0.332386176664327,0.548904713891863,0.650081891386128,0.283722460046456,0.412576139566258,0.283699545467788,0.313670239352756,0.13126710413125,0.16239438980981,0.280860952226233,0.30999502784807,0.132416613794366,0.161930709685345,0.217303614998382,0.215362160688489,0.091752080321925,0.0715495476877755,0.217750387557365,0.228461900894279,0.099237677947903,0.110361826627375,40.6752297872504,30.397372935063,1.15953210109692,0.59318400038804,2796,1023,36.587982832618,2.97139520381848,0.0397607329298635
"73",18,2,15,3,0.333850125766834,0.613040507163735,0.663886596122133,0.339951990750233,0.467496658049302,0.342212728383116,0.34106483729462,0.163339486017095,0.202800458961438,0.341294332162593,0.341636731363197,0.166775910374479,0.205790969103249,0.289311322589694,0.270444486402451,0.126378239891333,0.131104855489996,0.279370762054539,0.27027858664343,0.13025283573357,0.152542268711977,46.189105341974,39.0539700059963,1.11146526522994,0.58151187312976,3002,847,28.2145236508994,4.61085832420263,0.054532591903157
"74",19,2,15,4,0.334517205401872,0.464969876507343,0.59750815868794,0.262606785628958,0.376768044280898,0.260280024942137,0.308834893677606,0.136444468106552,0.165369056259193,0.25485600676654,0.305682601724383,0.136113184520095,0.162927442951306,0.204762278173295,0.235339437159265,0.106194632026556,0.0937907419961448,0.194956087640075,0.235378750006436,0.105041408557697,0.114699378140855,45.93890825339,31.202851973399,1.02449109526961,0.570218547248772,3670,1212,33.0245231607629,2.57449273707913,0.0379033896480115
"75",20,2,15,5,0.337618537666277,0.560598696514184,0.611857528804568,0.305586626879461,0.408156437535017,0.30429661909336,0.308075226328708,0.144383841141395,0.173358700795684,0.302589575911889,0.310208966718646,0.149438959832434,0.178083008870971,0.248058300267401,0.239731614847996,0.115061904745955,0.112021552244444,0.240939173585252,0.240908803718937,0.11898651864981,0.131779889820524,46.8664271464259,36.6012588580114,0.995636319842039,0.554504555530469,3371,1094,32.4532779590626,3.34563609305406,0.0428395129309195
"76",21,2,20,1,0.354454988628527,0.594301785679003,0.676821579715807,0.335247981160959,0.474954811449426,0.340517768860793,0.343133582132519,0.165074432614764,0.205496035515339,0.339116290873226,0.343406659325204,0.170410243616319,0.209531006281345,0.2919732026367,0.263670330317717,0.136177284034163,0.13182363449095,0.279172846717479,0.264700511093087,0.137628213868249,0.153452837564492,40.5743913026119,39.9734172346248,1.19359704472222,0.587520045936293,2631,799,30.3686811098442,5.00293081785041,0.0507814659607158
"77",22,2,20,2,0.354691639745432,0.585421874798691,0.74216436389587,0.324573601086949,0.487510016956633,0.315369681527955,0.365507119158287,0.173055436135044,0.213295839972307,0.317773792340265,0.370217235581625,0.170832995297461,0.208139887444381,0.264809184024966,0.286625055427442,0.133559579698362,0.116237778407275,0.258616805690443,0.293201559504298,0.13032864171146,0.145774858996428,42.4360166874948,39.9299299301662,1.25919942696296,0.700779949728257,3151,952,30.212630910822,4.19432037081578,0.0445756477809819
"78",23,2,20,3,0.354380304208,0.602416085633473,0.69842045531519,0.347959395658339,0.493705886506505,0.345668507417714,0.33624988323051,0.18533578201039,0.222965334806663,0.343214710863955,0.340047155616191,0.185531146215953,0.220910911254988,0.294760532720678,0.254621089575238,0.148903923917167,0.137654299713243,0.281685125928735,0.264996736095982,0.144147575768948,0.158507480904057,47.3798366871476,35.7327261693691,1.19471098967405,0.629759229070157,2810,869,30.9252669039146,4.11193626805168,0.0545222516537947
"79",24,2,20,4,0.356037327718329,0.551348124170459,0.722754388575012,0.294076937105163,0.451858610299254,0.274234988447973,0.33849342294503,0.149014113920712,0.184463479490355,0.272809892645388,0.3388194285027,0.147574941661031,0.179667460233186,0.193031223923991,0.230376390689323,0.107489155752504,0.076561392965956,0.197041057006027,0.24890650893336,0.108233093912633,0.11885161472081,40.6032350566359,37.0434787332226,1.31824494322614,0.651032934870689,2898,984,33.9544513457557,3.76458117207547,0.0412634502608088
"80",25,2,20,5,0.35167296154521,0.555456149667767,0.671896539311388,0.325661971680307,0.451876744051298,0.326546255934992,0.347517136612879,0.181281210158293,0.215391240394743,0.323025131308204,0.348495965275688,0.179649602767761,0.211150341831374,0.277380903426803,0.280950724660827,0.146470292595389,0.140975976493852,0.260318143464186,0.281372615328449,0.13877930175599,0.153484077642173,40.7078007488381,45.7940553235187,1.00892515932857,0.6252846380021,3105,1022,32.914653784219,4.48082733106837,0.0398315075820334
"81",26,2,25,1,0.369092299141046,0.569741992445627,0.684103126188205,0.323103613852262,0.462293050610204,0.30498660084499,0.353807295888766,0.155520864323785,0.195002071713666,0.301150949254343,0.352982631994914,0.157601795456997,0.196935953549853,0.234831848239026,0.271204295407679,0.117818272932049,0.114805558097444,0.22809695474242,0.267587523266227,0.122205444839887,0.141885950445449,49.6552951527205,39.3325446089894,1.04517328411969,0.645288174405661,3543,1083,30.567315834039,3.63181390664722,0.0458497646839524
"82",27,2,25,2,0.369724471735073,0.585079302815157,0.741913872141384,0.343324504369333,0.51177792108774,0.334029114802464,0.386283656452006,0.176473195950054,0.22345081315317,0.337298418251734,0.388717970151413,0.175107982796468,0.220528890519972,0.293653297073362,0.312203133230011,0.13232352490489,0.128620377708221,0.279206341693203,0.307904492512783,0.131696065725326,0.157168997134654,42.6122060610123,38.7906954252593,1.28966473286417,0.679117206291932,3009,858,28.5144566301097,4.52106007287404,0.0496645758286857
"83",28,2,25,3,0.367509039381281,0.53384052131033,0.735204559699895,0.304495100287869,0.460335806146077,0.304163723019,0.371810931984202,0.15941705299848,0.195856802541369,0.296125012175293,0.364219583714715,0.16114053742865,0.193893365011266,0.235428970295757,0.266108563602346,0.131234990629486,0.104165893050048,0.220521547886594,0.272566331516285,0.128958394212298,0.134586685056475,37.7011371356323,48.2517056440601,1.24757443308208,0.679181396093701,3239,1015,31.3368323556653,4.75386262503055,0.0371439774735294
"84",29,2,25,4,0.366755973191831,0.589757502405286,0.691733321156586,0.341893378207923,0.477978466873712,0.33895824650422,0.342994871318107,0.175192530713276,0.212101717009211,0.333281825397557,0.341726878877034,0.173996663595144,0.208703318160975,0.279298757177125,0.255617889827704,0.130719441872891,0.122352663768638,0.2647750209296,0.262833462046273,0.130264853027915,0.147194162345615,44.0543997346718,41.9416397043983,1.18807318692403,0.599747971805187,3208,936,29.1770573566085,4.48094441286307,0.0470666663831964
"85",30,2,25,5,0.373181367181746,0.626000287867375,0.769390600947473,0.331090222968871,0.504109115604181,0.346583421383839,0.409031622745195,0.173119134175451,0.220225145987461,0.339418862850492,0.408637256703946,0.171558977934077,0.216926657947256,0.273089353527616,0.332911801332614,0.133167835980965,0.127696855128418,0.263006860829145,0.327072256215658,0.131719690704393,0.155845499225856,46.9379537872072,51.621797391129,1.21875155494618,0.719214862670619,3142,1041,33.1317632081477,4.9588662239317,0.0450892927831001
"86",31,2,30,1,0.380445806761481,0.579531847274048,0.692798499788222,0.300447440071159,0.438919016554399,0.332376856949066,0.343240354026373,0.147704949507652,0.180907792547551,0.326921683490912,0.34457236187488,0.147658772711788,0.178873332587243,0.27704038796702,0.263177342387238,0.108867042140011,0.0907463803405469,0.265534903606371,0.269400153576611,0.11201108541605,0.124636492050001,43.9387949326057,34.940022733067,1.16930209248265,0.617750921567296,3085,1040,33.7115072933549,3.35961757048721,0.0422488412813516
"87",32,2,30,2,0.380887301696941,0.630586612667459,0.71051227414079,0.351589761653409,0.485538781987906,0.358938286468136,0.36178291209316,0.184061061930331,0.22152277750173,0.355272506684843,0.363931727727734,0.184922442740213,0.220753664101532,0.296261010857707,0.28861051574315,0.149728514979956,0.146532988969121,0.278407703222148,0.289996325066421,0.147889660747816,0.163957439195061,43.0823903121486,44.3560294553219,1.198715330745,0.610211188696953,3202,1003,31.3241723922548,4.42233593771903,0.0429535297229797
"88",33,2,30,3,0.382580213794928,0.545193910731009,0.726416804370857,0.323005280934084,0.477584091985446,0.313231698614887,0.37363297262825,0.170828790455993,0.210224414253818,0.31263867755402,0.372229067497085,0.171038129650849,0.207631573201432,0.264633244023448,0.286502075547906,0.13789957664235,0.121389231576456,0.247275431020268,0.285409140725094,0.134925748566771,0.146805705803688,45.7255644531945,43.6166571709438,1.48874877564563,0.646222738758933,3626,1193,32.9012686155543,3.65604837979412,0.0383282183178495
"89",34,2,30,4,0.383591060386586,0.571711325776519,0.74638119426586,0.32507468308388,0.481793398212276,0.336602822060198,0.37158273993813,0.177093251658587,0.213966342073611,0.336662691251496,0.374538044893578,0.178556096132374,0.211939876921862,0.297437563100547,0.28424916890426,0.149009169510462,0.124342309701405,0.28294010915052,0.286576005792286,0.142785394087255,0.148450352321577,37.9628659667024,50.4695991708735,1.33468411006217,0.665248183643015,3276,1101,33.6080586080586,4.5839781263282,0.0344803505601293
"90",35,2,30,5,0.384943997904947,0.56366600962618,0.772401838207062,0.316497189603476,0.505478233001319,0.328728573967125,0.404333636479629,0.164971182854566,0.213110724060648,0.324887037502966,0.399767370810875,0.166117690040708,0.211165003282005,0.270991282989645,0.309048448592673,0.130986124811371,0.11163956586594,0.249782048554359,0.305631057441961,0.127683938075676,0.146472989925471,51.0157821049877,43.2536428738859,1.3357881541007,0.719328703321648,3169,1013,31.9659198485327,4.26985615734313,0.0503610879614884
"91",36,2,35,1,0.391930973652595,0.676250560080003,0.802025451139595,0.363487138615257,0.547516569000617,0.359498326966398,0.424194668153979,0.181632744040523,0.235737269506135,0.352265587365316,0.425681842830358,0.180232132578207,0.234227529669409,0.270520126510202,0.347011079703226,0.130910051339822,0.13819650472243,0.265995536894798,0.340869518573391,0.133408282154517,0.169473934445772,59.0979228256469,47.9097127538232,1.28063935151327,0.72830658435666,3336,1004,30.0959232613909,4.77188374042064,0.0588624729339113
"92",37,2,35,2,0.391667713683032,0.615721853990559,0.816535346676945,0.344114774170167,0.532170728514172,0.353193585704254,0.390637872970556,0.170237064318309,0.212577683523299,0.351002823471991,0.385987900093405,0.173707930863077,0.211765621549033,0.298646034060853,0.271398036630354,0.136532213129729,0.0990322564878196,0.28231498524043,0.29072942255837,0.138238251316468,0.145540270541501,44.9404520442517,54.3242029379951,1.44880816418937,0.741981374546696,3158,1030,32.615579480684,5.27419445999952,0.0436315068390793
"93",38,2,35,3,0.393570243218001,0.567517536210202,0.76493268787328,0.319868363722923,0.505468134624091,0.338278546115837,0.398244121693034,0.156847168021101,0.203571084714399,0.336144202099431,0.393499061393285,0.156832488579512,0.20176442078697,0.295326200643319,0.29529377897922,0.115571644655665,0.0932470312654168,0.277787992870329,0.291054067924033,0.119075025039105,0.137678612073141,43.0171028616758,35.2287934801602,1.55791643969229,0.666568433202461,2800,854,30.5,4.12515146137707,0.0503713148263183
"94",39,2,35,4,0.396839323454558,0.599812464279865,0.746363699938294,0.318905578612524,0.469959714944281,0.344024710134898,0.395111062109253,0.161195353886608,0.199272962322165,0.335113088894937,0.38798384857471,0.159094827105002,0.194693854663485,0.271223510768025,0.298019216793416,0.116497706658254,0.0989889283413995,0.25446619671472,0.293178948508936,0.118312521117501,0.133524512799101,43.4174841217986,45.2751784219197,1.36667889534759,0.648824436634622,3233,1108,34.2715743891123,4.08620743880142,0.0391854549835727
"95",40,2,35,5,0.393395387714095,0.628693558124764,0.719291736804654,0.365400207066964,0.51567884056644,0.333123736726772,0.378601959130142,0.188251795658546,0.237141695851328,0.352981050374417,0.38780355388954,0.191213041052107,0.240199207076271,0.309285622843442,0.322279369951411,0.155161465566273,0.1678630428011,0.299963274196195,0.312883645371983,0.153340156823261,0.181825627019934,45.7047664345615,48.4339786139518,1.1944987121863,0.62002810311732,2694,829,30.7720861172977,5.84245821639949,0.0551324082443444
"96",41,2,40,1,0.404281519014093,0.594726165331465,0.75099680756026,0.34219656798339,0.50703048418264,0.348180417060712,0.392575910364763,0.184542631236822,0.229241764025667,0.342037899372835,0.388693154279074,0.184971486860261,0.226686158498888,0.287888365168886,0.300610191407173,0.151089734282792,0.139242771958854,0.268921077004898,0.296757673759394,0.145598753368806,0.161122009851976,46.9517234219423,57.3010122520178,1.33378465379739,0.649292037863144,3247,1062,32.7071142593163,5.39557554162126,0.0442106623558779
"97",42,2,40,2,0.402861542807982,0.664904147895603,0.833361361717262,0.385942585508659,0.591276496001344,0.374847332599996,0.404632465718032,0.191504046113985,0.245470030530409,0.38026956942477,0.409315511969155,0.196214055203229,0.248213123980469,0.333509655114958,0.307293220055998,0.156689449978361,0.140584807417735,0.321927064844443,0.316576799554551,0.158131611338116,0.178335194693452,50.2835749196041,47.4757350905725,1.41926118017564,0.760687790648562,2940,834,28.3673469387755,5.69253418352188,0.0602920562585181
"98",43,2,40,3,0.402094257708123,0.629486246887198,0.774172335437698,0.352265694050633,0.528384933105414,0.375231014687928,0.405722570520735,0.180083040244579,0.228948324318078,0.37467478829546,0.403459535981599,0.180496159736383,0.227373784846461,0.330730984246147,0.317187291766581,0.142029132719859,0.13332719639505,0.310297047406464,0.312435744729005,0.142393064968972,0.162834502407811,50.536220358386,50.0661780131682,1.27827892410682,0.707403729627022,3296,1012,30.7038834951456,4.94725079181504,0.0499369766387213
"99",44,2,40,4,0.406128892261726,0.635309173561818,0.776805420668788,0.34334210418744,0.514915986109012,0.379004120278931,0.402969516201805,0.169329368234534,0.214235095533722,0.374083505688613,0.405812711936115,0.169717153730489,0.213829519847612,0.324869647542999,0.322073210427208,0.128248520704581,0.117490980251588,0.304703419865172,0.316527211516853,0.131755878785664,0.152709710750654,47.1584898611089,59.3093098805222,1.27719454231753,0.692148665186313,3509,1118,31.8609290396124,5.30494721650467,0.0421811179437468
"100",45,2,40,5,0.408497217732533,0.661532644164954,0.790773562646215,0.394075617268571,0.564379866406847,0.372144373411794,0.380293297530097,0.20121568291461,0.246352312863007,0.373641076419113,0.388995843980251,0.205360647991621,0.249197868754751,0.319274015804175,0.295136943042237,0.165060241166502,0.1559184905976,0.304430600320097,0.303621112420601,0.162721870857453,0.18158578310374,48.2257833248799,54.2657601480633,1.41060703984527,0.676344703866568,2952,952,32.2493224932249,5.70018488950245,0.050657335425294
"101",46,2,45,1,0.414781773805559,0.645513570568247,0.76988428321513,0.366113819628813,0.543371633687317,0.377208087468365,0.382266644165983,0.205201932503613,0.251654830253737,0.374936490859879,0.395502725446476,0.204917262123821,0.250661280535102,0.326584731770841,0.32199361668414,0.173736780373607,0.170116199795004,0.310502972778863,0.32361554645645,0.166455245998003,0.186972072915293,46.9883748766658,44.6855319871282,1.34586744019586,0.682179164240284,2778,843,30.3455723542117,5.30077485019314,0.055739471977065
"102",47,2,45,2,0.411481691526529,0.607457413977032,0.833363820694317,0.365630679804017,0.567471841717917,0.34586240521965,0.418670927347297,0.189002586431735,0.241424263932107,0.336384540342212,0.418785955292337,0.186962465616047,0.23695981161137,0.268551089926783,0.320465104999896,0.140124567677933,0.126735964651419,0.252930427430773,0.325111747911538,0.139150279514061,0.165564080654147,47.534249293881,58.6568759489045,1.46502397262928,0.752687050834009,3059,988,32.2981366459627,5.93693076405916,0.0481115883541306
"103",48,2,45,3,0.412741483766108,0.669088844040135,0.795129470508345,0.373257485232752,0.545664444646127,0.383699878824322,0.413211118907742,0.184237729691076,0.233230338264525,0.377251278032029,0.412000172623226,0.187829829760509,0.235748191365705,0.317820675733311,0.322132069582889,0.144139463282821,0.140084976058761,0.302982388215858,0.318149821481807,0.14530889666983,0.169477852974126,43.0768252154709,50.4444233930285,1.41424762454428,0.677177168965996,3266,1011,30.9552969993876,4.98955720999293,0.0426081357225231
"104",49,2,45,4,0.413018591205127,0.677676699015408,0.824494699232258,0.392689678118052,0.576134673923482,0.386885362215833,0.434521174773528,0.198212641223011,0.251842802536642,0.382011708008588,0.432473104526676,0.195961729300919,0.248373255054988,0.319294209116507,0.343546491062908,0.143748053012603,0.14514936267408,0.302352939050861,0.337887312540229,0.145799980881305,0.177198884469407,45.71652556187,54.8613248968966,1.47788728559466,0.711687352786581,3206,963,30.0374298190892,5.69691847319798,0.0474730275824195
"105",50,2,45,5,0.416185472553093,0.636187478143971,0.818417720286475,0.410065154922387,0.5955041376669,0.385790191632553,0.388031254888878,0.2279065977731,0.272882831815207,0.384455772848143,0.387803225372387,0.224606104954851,0.265064307018109,0.338429373882662,0.277450580203629,0.179918728620485,0.157982069857105,0.312751346274199,0.296320030031774,0.170247891602167,0.185434850157581,43.413527611238,53.0538982687714,1.51901163658711,0.683293058360702,2717,905,33.3087964666912,5.86230920096922,0.0479707487416995
"106",51,2,50,1,0.423950580707847,0.708372017903439,0.843115538473271,0.425278455013753,0.62536280037099,0.415548910706551,0.452250482885768,0.217238115604744,0.282717963323824,0.418087444104891,0.45438738621964,0.218500390281568,0.284063000636801,0.373959283927566,0.374044410781062,0.172055303625404,0.18946859905418,0.358366305587835,0.363086405758231,0.171500784131939,0.211769822984137,46.3115737317429,52.33976956045,1.41895352934301,0.735341720941087,2557,773,30.2307391474384,6.77099218117076,0.0599114796012198
"107",52,2,50,2,0.420350021006571,0.632535208564213,0.785686725933309,0.354052093576189,0.524916718010834,0.350249764108811,0.398761849966026,0.179022514379409,0.223688324520242,0.349684182066457,0.400198993762127,0.17979677681359,0.222821156341849,0.290033295470588,0.306890739033263,0.140303058251977,0.126387612998586,0.276775275091594,0.306009965328863,0.141448263786026,0.158505260116602,45.1719824767068,41.9350336371542,1.45809446688027,0.708619751051387,3478,1085,31.196089706728,3.86498005872389,0.0416331635730017
"108",53,2,50,3,0.422331168505048,0.655117706952514,0.872812620514019,0.429270084101542,0.638864087928472,0.396548733828686,0.444999869988722,0.224049503313949,0.283335378990237,0.394587850686849,0.453924405110654,0.225516235554516,0.284636871116569,0.345009875637099,0.359079848958542,0.177845608487506,0.178740923573094,0.317761675428193,0.353927932933926,0.173213774635267,0.206178785508341,44.6815349746041,52.4285621104262,1.56925297467194,0.763750736207059,2880,867,30.1041666666667,6.0471236574886,0.0515357958184592
"109",54,2,50,4,0.42283395289366,0.681970771050811,0.80192162711553,0.402453631212924,0.587004963821055,0.400550500291594,0.418765540321537,0.213205823000035,0.270402333325126,0.397347001047216,0.418151620537878,0.214073386906659,0.269508164298881,0.343049994204032,0.333503716211873,0.175229978603112,0.181330528972158,0.321537761020203,0.330138930178579,0.17210285644135,0.200458550806978,51.4726612266638,55.8655756142119,1.39594593400584,0.697885388738967,2847,906,31.8229715489989,6.16617832386445,0.0568130918616598
"110",55,2,50,5,0.420182263977018,0.598481536585874,0.780998420810262,0.359466466785882,0.532538846145849,0.355190616476062,0.403774315050077,0.184458509803525,0.230774179164697,0.353471677665582,0.403158303604317,0.18492575287081,0.229022998758281,0.310949789745642,0.315775008511831,0.143354033198832,0.132203531537394,0.293389266328173,0.313358537155131,0.141984917432142,0.162426785747085,45.5618384321814,56.7605689279893,1.39672691159909,0.667380580176264,3231,976,30.2073661405138,5.81563206229399,0.0466822115083826
"111",1,3,1,1,0.196016974652999,0.22629915544846,0.353916783936521,0.183974365601659,0.286262435708953,0.165971733129705,0.20374035530724,0.102877788441756,0.140984032046021,0.166771162149417,0.197445385315862,0.10371959367918,0.140154379775594,0.163629176497164,0.150702287636988,0.0885848587464083,0.095218087293079,0.162630061500475,0.137713839426435,0.0845282918641631,0.0982295847041938,0.365741787338552,0.963437108871291,0.382402287479001,0.378464863665725,4579,87,1.89997816117056,1.10739897571413,0.0042039285900983
"112",2,3,1,2,0.196106627500076,0.202974028729407,0.362989053219834,0.153334232456183,0.267432580879763,0.155179947084252,0.182441891787206,0.0824102370362981,0.110514925579424,0.154637853108359,0.18869135614095,0.0846950762887389,0.112631395094281,0.150567810392103,0.145509018431228,0.0696781935232157,0.0609092197572136,0.141963507758848,0.142230876673058,0.0653696745650495,0.0783743020324583,0.333420901714394,1.00560900565794,0.356008563242137,0.464682523350459,4955,113,2.28052472250252,0.889919474033575,0.00295062744879995
"113",3,3,1,3,0.194868349436039,0.256069815538462,0.326744104304293,0.177653422722276,0.259639922244885,0.152836029542811,0.173134333498615,0.0809451860947943,0.111665126804016,0.16444820500528,0.174328717329631,0.0839663370849146,0.115363193043254,0.16275021465434,0.142998849141033,0.0630697279656451,0.077438911947816,0.168031160390406,0.139951328930883,0.067291734285672,0.0882782290312024,0.321626365771944,1.2047977175555,0.335727862894798,0.344244975647952,4882,88,1.80253994264646,1.36908831540398,0.00365484506559027
"114",4,3,1,4,0.196399468345513,0.262807765781067,0.316254945503321,0.173985704252267,0.248182774998173,0.183584092685298,0.182349273375877,0.0872500698013179,0.116271189576528,0.178801127310997,0.185813984934147,0.0859232574043764,0.117110436952445,0.158009246796128,0.164719625534876,0.0624515781555914,0.0859944690735077,0.131946625350701,0.155167546808835,0.0640419320326752,0.0922115462755003,0.346321307228725,0.688657206904631,0.340577010592134,0.320266566816155,4949,89,1.79834309961608,0.773772142589473,0.00389125064301938
"115",5,3,1,5,0.195237789837324,0.269645919521408,0.359161678411295,0.197435132189421,0.290205256417646,0.223464691140972,0.208125438615533,0.106476204914618,0.14213316978259,0.223475867004126,0.204606103446843,0.105189138268781,0.140004202648804,0.220718984511047,0.164462979012064,0.0790989815533063,0.0930605314037923,0.207216410996413,0.150032045162679,0.0751691703185967,0.0978707562505001,0.29951236623355,0.752845272437956,0.339056854281769,0.410369348084395,4505,71,1.57602663706992,1.06034545413797,0.00421848403145845
"116",6,3,5,1,0.269926061750356,0.428381994822418,0.461822226781989,0.28305408341559,0.387176258810827,0.244727257339097,0.236199332417042,0.139005821253024,0.180473699213131,0.243213590152576,0.231786796497309,0.1376819035959,0.178015282473034,0.200995343018749,0.174649090110897,0.100268402386398,0.119727873893437,0.18586887372696,0.177615360507676,0.104466188820993,0.132441333466348,0.493047813202251,0.992866205992687,0.523700058338022,0.429766199799716,4486,91,2.02853321444494,1.09106176482713,0.00541810783738737
"117",7,3,5,2,0.266890319096535,0.450647301347347,0.441606188901293,0.281597744518412,0.374084700836895,0.319590298559633,0.241461147720399,0.126060763087736,0.172695687912473,0.314967773534369,0.238713861128719,0.128962240615081,0.176029074121455,0.291696877348506,0.194991175554221,0.093524357117356,0.128607145706398,0.256109230855637,0.189323837456696,0.103319004621391,0.138169152865289,0.468293992803606,1.79771854970993,0.451153954892193,0.429817328968447,5193,99,1.90641247833622,1.81587732293932,0.00473024235155158
"118",8,3,5,3,0.269424514158269,0.399872161876818,0.461201165689119,0.294388810479896,0.389884503982195,0.258339483407098,0.240873135735853,0.134515675609539,0.175350806886484,0.256397289312539,0.244073350988793,0.130614181789813,0.174817053952679,0.23835051662651,0.198002616058172,0.0769451825244541,0.11364384870825,0.228925614980164,0.19329751687036,0.0909715941581829,0.129384491230712,0.357860752827239,1.00184730858705,0.556888767764864,0.382893547919633,4876,92,1.88679245283019,1.08896446585549,0.00388979079160042
"119",9,3,5,4,0.267662300838216,0.422075814965662,0.446202862402747,0.234978546466782,0.372358404164162,0.303290890712262,0.239491146247194,0.12265543357301,0.176199817801553,0.305153957825878,0.241233900239175,0.12096217215848,0.175848547284372,0.297891993924757,0.196037715555852,0.0925817836440619,0.121893783022778,0.29175799659964,0.18813345988732,0.0917731995086535,0.130416222592201,0.642947178602741,0.900820260846347,0.410379514357645,0.466937087202193,4894,74,1.51205557825909,1.21732467681939,0.00868847538652353
"120",10,3,5,5,0.268302596068205,0.395343047725103,0.432107142040856,0.236386719125206,0.36395867571964,0.273358906333157,0.238122432675912,0.127528658669199,0.180355201917081,0.27475475709453,0.245370230772148,0.129984450680989,0.185656673928275,0.265347820358678,0.2147577640313,0.113837635715271,0.15024009700174,0.259405943088205,0.204473706174888,0.113701737057932,0.151270609000447,0.513875528758495,1.25884987548974,0.418969946404345,0.44782796100069,4587,69,1.50425114453891,1.82442010940542,0.00744747143128254
"121",11,3,10,1,0.310605419849583,0.489547842500705,0.512258817422059,0.324165680269376,0.444233138300482,0.316725931721817,0.260330937724476,0.139885431122427,0.196323166366119,0.322679229265291,0.260399463700615,0.143063073630998,0.200438860718022,0.309471911926086,0.199964740206753,0.093146140464878,0.133824161500804,0.300408152077234,0.200240804105891,0.107429639501913,0.150304069057243,0.585880599543084,1.40672593775397,0.614117560811242,0.437811628047878,4440,83,1.86936936936937,1.69485052741442,0.00705880240413354
"122",12,3,10,2,0.30870984322291,0.461438005737358,0.508001083327129,0.294299854925106,0.4148618694149,0.276507485940892,0.288431456691725,0.133809080656379,0.18901306305991,0.265085851239963,0.283978418099782,0.133957972446954,0.192011792346812,0.2105373231847,0.234398748918563,0.0884653361063812,0.134559888016209,0.191477761353932,0.221654042746332,0.0989378469857378,0.146914494100753,0.47038883185484,1.24792527696337,0.562151792142802,0.481437376802528,5347,93,1.73929306152983,1.34185513651975,0.00505794442854667
"123",13,3,10,3,0.306797712966219,0.408311542360109,0.514320460000065,0.265107067090568,0.423612483700698,0.277176668743435,0.256486936893556,0.152395045204416,0.200323026717138,0.272186307353806,0.255421907775213,0.15163438968308,0.197573122797761,0.251590198555593,0.182558739892857,0.129640649052856,0.127168738602261,0.232480660845324,0.185328163052274,0.122718781205051,0.139258437333056,0.561075439763546,1.28925782603544,0.66907450736534,0.438656622621675,4440,91,2.04954954954955,1.41676684179719,0.00616566417322578
"124",14,3,10,4,0.310065345843633,0.412028685660443,0.47861643379393,0.301497616585438,0.415024870140596,0.304340891802223,0.293524267636619,0.157108454428482,0.220085451404348,0.29801983083189,0.291986546460138,0.154706032604007,0.22057172567508,0.278163121040245,0.258448700154666,0.116515194160656,0.17865827454275,0.243795986346181,0.238247278525818,0.115643880902702,0.174803377659064,0.437660329015856,1.15497824546419,0.489366312613288,0.482067835354989,4373,64,1.46352618339812,1.8046535085378,0.00683844264087275
"125",15,3,10,5,0.308509292406973,0.497438134923559,0.58303880968535,0.329924253968649,0.484608484267424,0.313511919151881,0.316307356180105,0.177973701773506,0.240345779475805,0.310382078668773,0.307395069589307,0.175022325578682,0.235108122313549,0.270281504523879,0.216601575650778,0.128881762506299,0.148532034602216,0.238569869919135,0.207288444162519,0.122450265758309,0.156727604761463,0.488405766277197,1.4379994463622,0.551726639251475,0.627154616074698,4929,95,1.92736863461148,1.51368362774968,0.00514111332923365
"126",16,3,15,1,0.331692993458897,0.405771397639265,0.501982786082713,0.302694268074459,0.429961843750437,0.230075084452527,0.268435323479474,0.141448436150021,0.200039632619186,0.226700998589053,0.268691546177437,0.147417019123593,0.2069548473353,0.191345906540781,0.221127752803576,0.115492515148521,0.15687191175845,0.18474594229677,0.216522176516078,0.12057282053274,0.164797031408491,0.576652483597526,1.6474576019798,0.538332510879467,0.492643385308619,5099,96,1.88272210237301,1.71610166872896,0.0060067967041409
"127",17,3,15,2,0.332386176664327,0.453084516306589,0.565356350357844,0.311275087360013,0.484035083190776,0.22544124424832,0.309882814938986,0.173182222147687,0.247770344544551,0.226342854261898,0.311912389969794,0.173507538791314,0.249294421586141,0.173995676807127,0.260579716808011,0.147314228684667,0.196064770801897,0.178169015907662,0.248633210274264,0.141458838569453,0.194585878454704,0.639531197260801,1.00270849557236,0.675969106765497,0.527464876891559,4372,77,1.7612076852699,1.30221882541865,0.00830559996442599
"128",18,3,15,3,0.333850125766834,0.415959614642605,0.59596501747523,0.262130753128595,0.473319235917627,0.307837495065144,0.25867794752043,0.154576947945529,0.200614014714212,0.303244151993767,0.268986552396492,0.156959898240527,0.202089477182714,0.287970855102391,0.16107867029127,0.14092463759261,0.10283430728185,0.262202692334888,0.185267111987014,0.13295634760452,0.134575463982785,0.55524018978957,1.45815295241815,0.733086412006913,0.532276590017792,5429,100,1.84195984527537,1.45815295241815,0.0055524018978957
"129",19,3,15,4,0.334517205401872,0.405196034326998,0.514836546043598,0.290329838335481,0.434671517393997,0.331934627955942,0.272461643972531,0.15583506162468,0.210249295380435,0.329542558013197,0.275058430838732,0.153647915497807,0.209082635515823,0.322197162466212,0.224056949776773,0.116802932797579,0.14867085521132,0.295968930834756,0.217547179658289,0.1122734670347,0.156177608511864,0.549602126473275,1.43158301465168,0.501839325018432,0.540794556655311,5046,81,1.60523186682521,1.76738643784158,0.00678521143794167
"130",20,3,15,5,0.337618537666277,0.354653165179644,0.58385549396658,0.314773196441205,0.495931926887224,0.265710629568651,0.350325743648983,0.166545428220278,0.248894944470596,0.257630574515818,0.348059053129221,0.168532316559517,0.254037936715937,0.232086222350395,0.301386657362147,0.136303250016055,0.200394855758841,0.188852484142848,0.277406494142487,0.132284402188503,0.200417816218825,0.66842461767311,1.39576795106857,0.674107159555769,0.574483176069405,5103,92,1.80286106212032,1.51713907724845,0.00726548497470772
"131",21,3,20,1,0.354454988628527,0.391017517811795,0.51397720234794,0.279417217322215,0.432476285865307,0.277138719569691,0.297945190518826,0.155117461566262,0.221113718634159,0.276246558906806,0.297531536920032,0.157605417647016,0.223991926615765,0.265117213240496,0.256916228040067,0.139343117660792,0.179779109447095,0.252206951926873,0.24111168979101,0.137132365552748,0.178729779003808,0.620171848874177,1.41768456271696,0.549532481591145,0.513500600778324,4914,89,1.81115181115181,1.59290400305276,0.00696822302105817
"132",22,3,20,2,0.354691639745432,0.364146839082772,0.631945707955097,0.32839912536188,0.527632603926047,0.226077793268615,0.319018905003514,0.140731319340601,0.214403483424712,0.230489704205208,0.309841271571359,0.142991280634881,0.217920679961571,0.215669671628474,0.199792434577561,0.0915041569243763,0.108383701031994,0.206402369754448,0.207834098064743,0.10755782549761,0.148426383330535,0.530325128896683,1.52454838703122,0.898729354310537,0.481873844660063,3966,95,2.39536056480081,1.60478777582234,0.00558236977785982
"133",23,3,20,3,0.354380304208,0.554420320803978,0.649707914475698,0.337250000750995,0.533312957902012,0.463762580961955,0.355956958746818,0.191335404110372,0.2621392856439,0.465143864581147,0.354129486481724,0.197260956319511,0.263974097808562,0.461740267997949,0.281721474424059,0.178287173490233,0.190949075855468,0.441742642316195,0.265943148177456,0.17259550419247,0.194234033297142,0.567301032464182,1.6480733581358,0.733968249220445,0.601001810938468,4878,96,1.9680196801968,1.71674308139146,0.00590938575483523
"134",24,3,20,4,0.356037327718329,0.504211141426155,0.568560784114416,0.272512710933019,0.461738198368263,0.242540573276615,0.288532728338335,0.146174885640113,0.213317786333179,0.233107582890886,0.28455461510213,0.142537855997321,0.208918027180692,0.139406942635112,0.214072524104628,0.109897890819141,0.13541797410122,0.157117516737954,0.217827288257812,0.108039163080895,0.153146874177058,0.500842602804764,1.29017562335947,0.47825816904312,0.653495037595932,5059,80,1.58134018580747,1.61271952919934,0.00626053253505955
"135",25,3,20,5,0.35167296154521,0.368531774892019,0.547205996389111,0.295961412409174,0.450746411461662,0.280070904319552,0.334708130554052,0.171161716609512,0.238927776039385,0.285432314599235,0.333726347519182,0.172585120699983,0.240728241411058,0.284640620107216,0.297718929208646,0.152073825741633,0.197575459175305,0.283859704968589,0.275860801421893,0.144251865147208,0.193090200259569,0.525963545873743,1.95156073744489,0.622533707246382,0.516991176492824,5674,110,1.93866760662672,1.7741461249499,0.00478148678067039
"136",26,3,25,1,0.369092299141046,0.32190378794041,0.542843029664728,0.267381368182346,0.440198981527736,0.21161255703231,0.29716903252414,0.137102061272191,0.200557146696619,0.21715015550451,0.292936764972144,0.13658644695552,0.19987599325901,0.206502077409507,0.236636110427547,0.104139163520167,0.132459226539882,0.191333410773439,0.22895086155766,0.104002576718736,0.148563378210997,0.528429974782779,1.53036304056151,0.573179647413054,0.58126585284804,5098,105,2.05963122793252,1.45748861005858,0.00503266642650266
"137",27,3,25,2,0.369724471735073,0.499766970900847,0.578723562628925,0.341972326528966,0.495685719207063,0.33569008830186,0.348262127441331,0.209711830012262,0.280876639710208,0.330318280450062,0.349952715942679,0.209204254446437,0.281441573711402,0.3041182638024,0.313436483337954,0.187312414566203,0.241564370315146,0.280241284928315,0.293916239514692,0.174197577527968,0.229940198530642,0.6853029328676,2.2517109187702,0.596930313501148,0.572799206225406,4633,107,2.30951867040794,2.10440272782262,0.00640470030717383
"138",28,3,25,3,0.367509039381281,0.333798478106563,0.52910628962456,0.35109781592706,0.475840283058029,0.275917706294234,0.301257459430349,0.173618338726776,0.238409722105072,0.275119271768634,0.30187629505343,0.170579946470188,0.23885503179968,0.271108173083645,0.256620781041193,0.111486934770527,0.179539165279219,0.255313763243869,0.240797853221848,0.116641078860491,0.181243876138561,0.574586160878887,1.52398016869726,0.591736037596369,0.516849779033582,4729,85,1.79742017339818,1.79291784552619,0.00675983718681044
"139",29,3,25,4,0.366755973191831,0.345803010691169,0.647857675024846,0.355119161219871,0.547472939840397,0.275090142868677,0.360070468467782,0.18465484750129,0.262162427245202,0.272774167295661,0.364696451502965,0.183476477055037,0.265622255201154,0.264951637276693,0.312586713573348,0.142949546143135,0.200968249803409,0.241531462692988,0.298650216339903,0.141778907230697,0.210095459560335,0.485395967470654,1.28154585464458,0.806958207082882,0.593809784567689,5144,86,1.67185069984448,1.49016959842393,0.00564413915663551
"140",30,3,25,5,0.373181367181746,0.357681015149663,0.575485408017734,0.306329724733078,0.48591623525058,0.274501544593523,0.307059499226001,0.158277919749207,0.227200666090394,0.272139200439789,0.304160215378185,0.156407148055855,0.225544288500068,0.263746197939228,0.233048851657978,0.112508062523943,0.146046624725808,0.247398955600179,0.224286263343288,0.111108971541932,0.160439459345814,0.698152216156026,1.52308905114398,0.655955186460807,0.557833896275729,5026,100,1.98965380023876,1.52308905114398,0.00698152216156026
"141",31,3,30,1,0.380445806761481,0.332004147479402,0.633655111217987,0.387835885488735,0.555045768281578,0.249695703861848,0.3756203081293,0.216535325788362,0.301238993746029,0.247620482622189,0.375702600774289,0.213212780028592,0.30133463153787,0.239654787196554,0.328080859255102,0.173972369633871,0.24826147365745,0.227315307684444,0.303698169665315,0.166221439725909,0.239514516720658,0.517295308905782,1.63377542755788,0.725249040819975,0.579453199546108,4422,75,1.69606512890095,2.17836723674384,0.00689727078541043
"142",32,3,30,2,0.380887301696941,0.484524274712,0.581981345044735,0.365880278665292,0.508007682185628,0.377937176381871,0.334694040735439,0.213686314190344,0.27521393893075,0.374473355962468,0.341759524407772,0.212640023182201,0.277677538090217,0.363538469819545,0.308235070155562,0.186777394845219,0.237514455145399,0.3386260203206,0.297561671744798,0.178812555023391,0.233583106277448,0.679136674569875,1.45339501101337,0.64846927926787,0.549823679069615,4919,97,1.97194551738158,1.49834537217873,0.00700140901618428
"143",33,3,30,3,0.382580213794928,0.421753779216017,0.642402868001213,0.344873023339217,0.532459590561031,0.235505164366765,0.292676462965802,0.131859682599018,0.196703401214272,0.223467144080256,0.302873697956026,0.133501666809336,0.206338044416062,0.171128413810824,0.218924794404707,0.0647679111280318,0.107326399464957,0.167595612785252,0.233456244400537,0.0960552054081632,0.153678093039116,0.581142861554286,1.44326770157424,0.659075034225029,0.667088681528609,5145,97,1.88532555879495,1.48790484698375,0.00599116352117821
"144",34,3,30,4,0.383591060386586,0.336272829657909,0.639574137870369,0.376139239805234,0.566233094651309,0.238563107358054,0.351815136114853,0.184818850600885,0.274101061811206,0.243820735957764,0.345805120544467,0.185253213743158,0.275184393130298,0.240004477837985,0.276488692526721,0.143388497706057,0.203220557563223,0.236155017070416,0.264859576828746,0.149142842882292,0.211475869509906,0.77371199820554,1.35322074373208,0.823335983950344,0.585284766437201,4166,84,2.01632261161786,1.61097707587152,0.00921085712149452
"145",35,3,30,5,0.384943997904947,0.553551115070417,0.622977214446333,0.381460604793217,0.544561131621604,0.420041183741532,0.329304238472854,0.198078542863207,0.265692715804835,0.419435544213593,0.329830827629723,0.195818389644181,0.264539208592345,0.409905521394972,0.261533710050118,0.150496057274428,0.190155623820319,0.394536912680231,0.253452479284414,0.149682865227512,0.19758991877328,0.717040107237024,1.47785016908392,0.77818700993811,0.541791720098204,4951,87,1.75722076348212,1.69867835526887,0.00824184031306924
"146",36,3,35,1,0.391930973652595,0.46287655535715,0.548909340845113,0.295863995181534,0.45962188702862,0.304434041053587,0.313845670271377,0.166400250804504,0.236603449237733,0.29363072747224,0.317533231170477,0.165414281387436,0.238264579639051,0.245000551145864,0.273868633119869,0.133825714472245,0.187370030931415,0.208069139721833,0.255569890121583,0.124068210638338,0.18493795654396,0.629295318748084,1.77852793277683,0.544296147197471,0.564714552979691,5242,94,1.79320869896986,1.89205099231578,0.00669463105051153
"147",37,3,35,2,0.391667713683032,0.576920161316137,0.586391865336546,0.350007149091449,0.494347550237676,0.247446982115367,0.348981221035078,0.174457115653486,0.255315038791219,0.269095105020084,0.358840804053392,0.188263193166447,0.272814363890935,0.223408114983421,0.332819286940387,0.169967748640357,0.244042533456034,0.245790764488149,0.321684039490249,0.174052571364949,0.24310897696597,0.589794221793395,1.813683829323,0.551993324937326,0.61867000949163,4843,102,2.10613256246128,1.77812140129706,0.00578229629209211
"148",38,3,35,3,0.393570243218001,0.497554503010456,0.644745282804609,0.422757767842577,0.565665495066681,0.233088984855975,0.332182337071383,0.16870893226735,0.243911031747157,0.217622224039116,0.321023618919604,0.154734918745361,0.235311419418901,0.102259969626879,0.228840924366911,0.0356387837756788,0.124473527062539,0.135193614008014,0.233398865393086,0.0943361260321779,0.164151725171425,0.563036419625373,1.50738729908522,0.814514615554453,0.551347424438067,4530,95,2.09713024282561,1.58672347272128,0.00592669915395129
"149",39,3,35,4,0.396839323454558,0.468316993501364,0.64649378373109,0.374217929439866,0.563271797521266,0.42164219802504,0.342971794749398,0.211901295448442,0.279863999249501,0.420984450790077,0.341725959604708,0.208624935494345,0.275822634522458,0.418986009226905,0.260824704470877,0.169983597194428,0.191490583314605,0.401956489925491,0.249859926106574,0.16002445043756,0.197506920773603,0.662626703041706,1.36072292963892,0.674801783899411,0.656093480955389,4539,81,1.78453403833444,1.67990485140607,0.0081805765807618
"150",40,3,35,5,0.393395387714095,0.529913549769353,0.629166112780707,0.359773775287673,0.539199303120293,0.351348072665789,0.35798164238593,0.201610748012501,0.280335666075207,0.348465291442317,0.355501989162917,0.201638065884293,0.279806034871098,0.320305219630473,0.297933330174641,0.168252243087541,0.2178308693483,0.292285080695099,0.280355704171246,0.158529895685834,0.214702620996906,0.63113280703062,1.22304206339313,0.688348152922572,0.608184436886751,4439,87,1.95990087857626,1.40579547516452,0.00725440008081172
"151",41,3,40,1,0.404281519014093,0.427649084071903,0.63934098690661,0.437317828859571,0.574739488027238,0.316947042182908,0.351873340527261,0.191909383997658,0.269662740004647,0.316057883340404,0.35234051621685,0.194714116457501,0.27616242245206,0.304360213612167,0.289952874476468,0.120677401300079,0.200972493745149,0.279774122882682,0.274753099235977,0.139625893957911,0.210622747019551,0.633050002855014,1.80586043237967,0.778293231853699,0.557780775130242,5044,94,1.86360031720856,1.92112811955284,0.0067345744984576
"152",42,3,40,2,0.402861542807982,0.433928258805132,0.669989819509474,0.37610324607865,0.574986174568428,0.267959223322299,0.371275914995279,0.209743986932082,0.294926427704242,0.28427879435151,0.373491643055235,0.217868682297576,0.300811211899407,0.285730153821584,0.316030522760402,0.193846136650929,0.241425303847913,0.310338410198101,0.30216046088923,0.183248668410527,0.237510146964805,0.629948119572025,1.81841497667751,0.732988288925944,0.646817767542286,4941,92,1.86197126087836,1.97653801812773,0.00684726216926114
"153",43,3,40,3,0.402094257708123,0.425089233910707,0.641019601486193,0.370799523209601,0.552986470763362,0.272444330874548,0.359253092278117,0.184262900420224,0.270317610410006,0.277298296342959,0.363983609423169,0.182846381469802,0.274562951683238,0.265587964110496,0.31512644853025,0.135995108396208,0.213783658311328,0.261919008405466,0.301043942943438,0.139921905221123,0.219667633796153,0.534278662852553,1.58198339333743,0.692678644189586,0.62524088418161,4080,83,2.0343137254902,1.90600408835835,0.00643709232352473
"154",44,3,40,4,0.406128892261726,0.374662895602334,0.659390056943608,0.398131626540863,0.58744917029927,0.328702646429661,0.383453661113494,0.239920849077571,0.325969278242632,0.326506921141667,0.391789370831188,0.24387024790369,0.332955885353506,0.322206236475313,0.34543275802728,0.223164597856539,0.286312330904971,0.298441030948943,0.31989700567245,0.210978195323813,0.270528652092031,0.697857268741518,1.4556370430307,0.709558437882252,0.643992351100744,4548,67,1.47317502198769,2.17259260153836,0.0104157801304704
"155",45,3,40,5,0.408497217732533,0.884767226295416,0.699855934038089,0.464343042206105,0.626851909016544,0.21614661714314,0.357270714170453,0.20641221351645,0.298637426780158,0.247075672617327,0.361150557362614,0.214041230517267,0.306642120177537,0.0967522689432201,0.288798620991379,0.158752017505424,0.234911553909494,0.239311893425539,0.288367488787553,0.173702383888231,0.243459670237696,0.676305090900125,1.52178770615473,0.697840476854467,0.690792358778411,4496,64,1.42348754448399,2.37779329086677,0.0105672670453145
"156",46,3,45,1,0.414781773805559,0.343879646900271,0.635739847331569,0.312855674013422,0.529014893169441,0.203640971845015,0.348607989429939,0.155740308964613,0.243799343924346,0.2026920722847,0.342786211396693,0.154653219651293,0.244898085668748,0.18344883581721,0.266915003128028,0.116757630642922,0.164074122468151,0.181514614586758,0.253677177083197,0.120057324741194,0.179508071922986,0.539523641083327,1.76192906436993,0.621448255788118,0.691098507878031,4932,88,1.78426601784266,2.00219211860219,0.00613095046685599
"157",47,3,45,2,0.411481691526529,0.517713025661648,0.659569304406033,0.375424970041525,0.559418919338125,0.27404282325922,0.362815209634286,0.203855117634539,0.283827434616597,0.262337612092777,0.359820920252642,0.201263198709514,0.282412821700876,0.193633873225564,0.281980112850121,0.158393600911793,0.205677090478984,0.195830509984405,0.264641619095757,0.151998044532292,0.205460581479413,0.592199707504465,1.70759917015758,0.76690839571614,0.58780790865224,4650,93,2,1.83612813995439,0.00636773879037059
"158",48,3,45,3,0.412741483766108,0.465019585100335,0.599685703657412,0.328531372975138,0.498428323522512,0.364546669960724,0.34118913485995,0.180947456464094,0.250055781273759,0.367390573371351,0.337797435869893,0.180635549969639,0.248699096765272,0.363486846056186,0.278806206629385,0.14797256549597,0.182785232389338,0.352546134185739,0.260057435558881,0.140203122546762,0.185130856849572,0.539974301800763,1.56107666661888,0.607720931160525,0.620420323294999,4844,90,1.8579686209744,1.73452962957653,0.00599971446445292
"159",49,3,45,4,0.413018591205127,0.542778746560935,0.737168270922368,0.38287592408117,0.621022870914439,0.315365016071287,0.379412822191334,0.191959393457676,0.283627315251067,0.295854405887755,0.369327291196904,0.183527575454339,0.2757756807233,0.212396625192797,0.270109387117944,0.125041181241387,0.170622366586637,0.199151205543305,0.273972049924739,0.132963601119238,0.198792955652386,0.638889051676278,1.70421646518476,0.769131884774216,0.742304145348554,4524,86,1.90097259062776,1.98164705254042,0.00742894246135207
"160",50,3,45,5,0.416185472553093,0.484147170542124,0.629645695454493,0.373250136596252,0.546712627559857,0.283199241428158,0.38640737166924,0.209593731459404,0.302072057914271,0.277379956573475,0.387677879493188,0.214644230972744,0.309394674659505,0.234470023967548,0.350507934032654,0.194693267571307,0.271474683530937,0.221133631283403,0.326832232430196,0.193344481480522,0.261709532598739,0.647850501737196,1.56205798398571,0.661881489734671,0.630076559846436,4207,81,1.92536249108628,1.92846664689594,0.00799815434243452
"161",51,3,50,1,0.423950580707847,0.499016719010193,0.733979179244057,0.445727473117463,0.647273298362934,0.42229112821224,0.397013921486532,0.194629151551952,0.293513543070209,0.419239316187649,0.395257975402959,0.206213815301203,0.3055122762472,0.411209264156669,0.313436648679294,0.143400823794134,0.215484728342074,0.373062188669567,0.299604173050674,0.155292107446689,0.229425340973361,0.611101495847008,1.44994530794425,0.870606803913765,0.667314275358512,4441,76,1.71132627786535,1.90782277361086,0.00804080915588168
"162",52,3,50,2,0.420350021006571,0.457471161178477,0.696461594883619,0.461891972924864,0.629302048606835,0.408126511047527,0.418388457076935,0.274173900672022,0.356326461934643,0.409196568936303,0.41773384301752,0.266130327661749,0.351997221817321,0.409135320050558,0.367654119261752,0.220016819615979,0.293902815501594,0.412464260760599,0.340624926990199,0.203451218588209,0.27940219752207,0.571232539801108,1.45071576049436,0.813857755045437,0.639049929476236,4695,74,1.57614483493078,1.96042670337076,0.00771935864596092
"163",53,3,50,3,0.422331168505048,0.321680529363607,0.675667455937324,0.336928459214342,0.571692859686446,0.220222527716494,0.393339276405872,0.159343936313181,0.262731525609882,0.213496686897988,0.393776961534806,0.157445364346378,0.270889354642115,0.192461431177107,0.333666317310038,0.109181660834944,0.198503616983752,0.172569383473586,0.303859114990353,0.118343775769196,0.21028098540719,0.619605819668898,1.39721605491736,0.765793642157374,0.671310491901771,5086,92,1.80888714117184,1.51871310317104,0.00673484586596628
"164",54,3,50,4,0.42283395289366,0.690221386759163,0.665127847968747,0.414940387579831,0.576333209549367,0.368437953532433,0.320816459312544,0.205629980251649,0.266465147509932,0.340138030911584,0.327731985847813,0.195586316260614,0.264976288222451,0.201693153520027,0.248941603021084,0.124708225308157,0.181798858513923,0.214047042528763,0.256294234223931,0.135922626189465,0.200617915385679,0.589441353201809,1.22472325308663,0.72138253277123,0.630654607379264,4780,70,1.46443514644351,1.74960464726661,0.00842059076002584
"165",55,3,50,5,0.420182263977018,0.523298912431829,0.619804847569839,0.404538789653455,0.539915239946225,0.369380910561299,0.358712806775327,0.212296567934156,0.28043959789239,0.370039722727887,0.369474486667637,0.213013193882634,0.287414180184562,0.356468460604965,0.326671149631405,0.169095236669695,0.235072780532285,0.33958683473434,0.300279583257817,0.164666793347847,0.22806214254019,0.558581506780805,1.54851705878503,0.725759206738342,0.548153034966861,4409,94,2.1320027217056,1.64735857317556,0.00594235645511495
