markerid,image,sequence,x,y,species,location,date,filename,camid,siteid,radius,angle,pixdiff,dist,secs,speed,n
34,1,33,1028,289,Fox,Loc_01,2016-10-05 03:11:15,C:/Users/nash.l/Documents/Processed photos/point 01 phase 1 zoo/Loc_01-20161005-03-11-15-IMG_0002.jpg,Cam1,Loc_01_Cam1,2.37916296038185,0.00153784379794194,834.022588710336,0.99781915480837,5,0.199563830961674,9
43,141,34,1375,543,Fox,Loc_01,2016-10-06 03:05:26,C:/Users/nash.l/Documents/Processed photos/point 01 phase 1 zoo/Loc_01-20161006-03-05-26-IMG_0142.jpg,Cam1,Loc_01_Cam1,3.04106808291245,0.134945793269405,1050.62205914138,1.83322441667394,3,0.611074805557981,6
49,151,35,1220,354,Fox,Loc_01,2016-10-10 00:32:29,C:/Users/nash.l/Documents/Processed photos/point 01 phase 1 zoo/Loc_01-20161010-00-32-29-IMG_0152.jpg,Cam1,Loc_01_Cam1,2.47148154957514,0.0753543460991551,916.281500980979,0.836080004036667,2,0.418040002018333,3
52,170,36,1286,699,Fox,Loc_01,2016-10-12 06:33:45,C:/Users/nash.l/Documents/Processed photos/point 01 phase 1 zoo/Loc_01-20161012-06-33-45-IMG_0171.jpg,Cam1,Loc_01_Cam1,4.10823251263839,0.100728768765197,1824.42652496519,3.14940753589049,6,0.524901255981748,10
99,550,74,958,748,Fox,Loc_02,2016-10-20 01:50:53,C:/Users/nash.l/Documents/Processed photos/point 02 phase 2 zoo/Loc_02-20161020-01-50-53-IMG_0521.jpg,Cam1,Loc_02_Cam1,8.22528634238072,-0.025374422666042,820.190039324776,2.71948959928701,3,0.906496533095671,5
147,800,118,926,710,Fox,Loc_03,2016-10-05 23:02:17,C:/Users/nash.l/Documents/Processed photos/point 03 phase 1 zoo/Loc_03-20161005-23-02-17-IMG_0071.jpg,Cam5,Loc_03_Cam5,3.95716140402472,-0.0376771730495776,544.333733382001,1.27021397646002,2,0.635106988230008,3
150,810,119,736,678,Fox,Loc_03,2016-10-06 01:03:49,C:/Users/nash.l/Documents/Processed photos/point 03 phase 1 zoo/Loc_03-20161006-01-03-49-IMG_0081.jpg,Cam5,Loc_03_Cam5,3.45213952284583,-0.11072475345182,1035.57477023006,1.45111415256563,3,0.483704717521875,4
154,830,120,1565,493,Fox,Loc_03,2016-10-11 00:35:10,C:/Users/nash.l/Documents/Processed photos/point 03 phase 1 zoo/Loc_03-20161011-00-35-10-IMG_0101.jpg,Cam5,Loc_03_Cam5,2.68346234962655,0.207993373671648,1068.78295270836,1.09892876728784,1,1.09892876728784,2
157,2650,122,682,443,Fox,Loc_04,2016-10-21 04:20:17,C:/Users/nash.l/Documents/Processed photos/point 04 phase 2 zoo/Loc_04-20161021-04-20-17-IMG_2171.jpg,Cam5,Loc_04_Cam5,3.95883616555673,-0.131485644724036,858.457337320848,1.40312337987122,1,1.40312337987122,2
236,3680,200,-687,19,Fox,Loc_05,2016-10-10 04:04:39,C:/Users/nash.l/Documents/Processed photos/point 05 phase 1/Loc_05-20161010-04-04-39-Loc_5-IMG_0301-20161010-04-04-39.jpg,RP5,Loc_05_RP5,1.20697648628353,-0.657812684569665,124,0.0579394661513127,10,0.00579394661513127,2
251,3420,214,818,738,Fox,Loc_05,2016-10-05 03:27:07,C:/Users/nash.l/Documents/Processed photos/point 05 phase 1/Loc_05-20161005-03-27-07-Loc_5-IMG_0041-20161005-03-27-07.jpg,RP5,Loc_05_RP5,3.67938009009896,-0.07919895559401,584.030821104503,0.872335768484462,1,0.872335768484462,2
253,3630,215,720,600,Fox,Loc_05,2016-10-10 00:03:58,C:/Users/nash.l/Documents/Processed photos/point 05 phase 1/Loc_05-20161010-00-03-58-Loc_5-IMG_0251-20161010-00-03-58.jpg,RP5,Loc_05_RP5,2.48939509442198,-0.116876128643588,936.91034789888,1.47776255434746,1,1.47776255434746,2
255,3710,216,854,752,Fox,Loc_05,2016-10-10 05:39:13,C:/Users/nash.l/Documents/Processed photos/point 05 phase 1/Loc_05-20161010-05-39-13-Loc_5-IMG_0331-20161010-05-39-13.jpg,RP5,Loc_05_RP5,3.8669124806696,-0.0653583614125325,692.014190488599,1.29041786951672,7,0.18434540993096,8
263,3900,217,435,533,Fox,Loc_05,2016-10-15 03:09:58,C:/Users/nash.l/Documents/Processed photos/point 05 phase 1/Loc_05-20161015-03-09-58-Loc_5-IMG_0521-20161015-03-09-58.jpg,RP5,Loc_05_RP5,2.20868058139146,-0.226447499246951,1055.00710898079,1.21087223352777,1,1.21087223352777,2
302,4470,255,785,753,Fox,Loc_07,2016-10-14 05:45:24,C:/Users/nash.l/Documents/Processed photos/point 07 phase 2 zoo/Loc_07-20161014-05-45-24-IMG_0861.jpg,Cam2,Loc_07_Cam2,6.63449489238461,-0.091886166927031,165.759552973538,0.871084672219876,6,0.145180778703313,10
312,4510,256,314,327,Fox,Loc_07,2016-10-15 03:59:56,C:/Users/nash.l/Documents/Processed photos/point 07 phase 2 zoo/Loc_07-20161015-03-59-56-IMG_0961.jpg,Cam2,Loc_07_Cam2,2.47937909747465,-0.272967274134695,26.1725046566048,0.111572101932885,4.01122685185185,0.027814956883173,2
315,4560,258,609,450,Fox,Loc_07,2016-10-16 05:04:10,C:/Users/nash.l/Documents/Processed photos/point 07 phase 2 zoo/Loc_07-20161016-05-04-10-IMG_1021.jpg,Cam2,Loc_07_Cam2,3.05584438661739,-0.159551294036476,682.630755030293,3.33695125867598,3,1.11231708622533,4
320,4830,260,1794,147,Fox,Loc_07,2016-10-19 01:27:55,C:/Users/nash.l/Documents/Processed photos/point 07 phase 2 zoo/Loc_07-20161019-01-27-55-IMG_1551.jpg,Cam2,Loc_07_Cam2,1.45330574142005,0.296034931103824,10,0.0150729855374639,2.80305555555556,0.00537734099047368,2
323,4870,262,420,546,Fox,Loc_07,2016-10-19 05:53:22,C:/Users/nash.l/Documents/Processed photos/point 07 phase 2 zoo/Loc_07-20161019-05-53-22-IMG_1591.jpg,Cam2,Loc_07_Cam2,3.79828077598923,-0.232214413489233,1344.28465767538,2.39671449828278,3,0.798904832760927,5
334,5000,269,1727,483,Fox,Loc_07,2016-10-21 01:05:22,C:/Users/nash.l/Documents/Processed photos/point 07 phase 2 zoo/Loc_07-20161021-01-05-22-IMG_1931.jpg,Cam2,Loc_07_Cam2,3.07387965576512,0.270276047488296,1393.69374422248,5.33952771992068,6,0.889921286653447,10
350,5190,275,918,591,Fox,Loc_07,2016-10-23 00:19:33,C:/Users/nash.l/Documents/Processed photos/point 07 phase 2 zoo/Loc_07-20161023-00-19-33-IMG_2171.jpg,Cam2,Loc_07_Cam2,4.1954035510003,-0.0407528606454614,1827.13439984453,3.81501190343137,9,0.423890211492375,16
368,5210,278,880,660,Fox,Loc_07,2016-10-23 00:19:48,C:/Users/nash.l/Documents/Processed photos/point 07 phase 2 zoo/Loc_07-20161023-00-19-48-IMG_2191.jpg,Cam2,Loc_07_Cam2,5.0578422128485,-0.0553623767259099,1192.86116603905,3.19681528945244,12,0.266401274121036,13
383,5231,281,1481,578,Fox,Loc_07,2016-10-23 00:22:07,C:/Users/nash.l/Documents/Processed photos/point 07 phase 2 zoo/Loc_07-20161023-00-22-07-IMG_2212.jpg,Cam2,Loc_07_Cam2,4.02569776462702,0.175698653914867,972.30938262537,1.62486010142647,2,0.812430050713236,3
427,5911,325,332,450,Fox,Loc_09,2016-10-21 00:26:56,C:/Users/nash.l/Documents/Processed photos/point 09 phase 2 zoo/Loc_09-20161021-00-26-56-IMG_0132.jpg,Cam3,Loc_09_Cam3,2.44052972206292,-0.266046977043956,134.600612016176,0.615725212326041,5,0.123145042465208,9
437,5921,327,1065,129,Fox,Loc_09,2016-10-21 00:33:32,C:/Users/nash.l/Documents/Processed photos/point 09 phase 2 zoo/Loc_09-20161021-00-33-32-IMG_0142.jpg,Cam3,Loc_09_Cam3,1.4889974339248,0.0157628989289049,526.707340342605,0.803373569765249,1,0.803373569765249,3
447,5951,332,755,362,Fox,Loc_09,2016-10-23 19:59:57,C:/Users/nash.l/Documents/Processed photos/point 09 phase 2 zoo/Loc_09-20161023-19-59-57-IMG_0172.jpg,Cam3,Loc_09_Cam3,2.35768033677992,-0.103419995411596,433.934585926075,0.677200622327855,1,0.677200622327855,3
476,6110,359,957,853,Hedgehog,Loc_10,2016-10-07 21:35:57,C:/Users/nash.l/Documents/Processed photos/point 10 phase 1/Loc_10-20161007-21-35-57-Loc_10-IMG_0151-20161007-21-35-57.jpg,RP2,Loc_10_RP2,3.40875688209054,-0.0257588836155275,867.563108915633,1.25184082721716,6,0.208640137869526,8
497,6261,372,-3,33,Hedgehog,Loc_11,2016-10-23 01:03:06,C:/Users/nash.l/Documents/Processed photos/point 11 phase 2/Loc_11-20161023-01-03-06-IMG_0112.jpg,RP5,Loc_11_RP5,0.798902071365997,-0.394841395121593,1272.82264846108,0.457700019355762,12,0.0381416682796469,19
516,6280,373,1442,240,Hedgehog,Loc_11,2016-10-23 01:03:26,C:/Users/nash.l/Documents/Processed photos/point 11 phase 2/Loc_11-20161023-01-03-26-IMG_0131.jpg,RP5,Loc_11_RP5,0.895508708214062,0.160704676884933,141.272726098448,0.0816591757404023,6,0.0136098626234004,10
580,6570,428,1455,619,Fox,Loc_12,2016-10-06 21:16:59,C:/Users/nash.l/Documents/Processed photos/point 12 phase 1/Loc_12-20161006-21-16-59-Loc_10-20161006-21-16-59-IMG_0051.jpg,RP11,Loc_12_RP11,2.08154067771612,0.165702669228244,967.324272339086,2.38966427341568,2,1.19483213670784,4
585,6580,430,1039,817,Fox,Loc_12,2016-10-07 01:05:15,C:/Users/nash.l/Documents/Processed photos/point 12 phase 1/Loc_12-20161007-01-05-15-Loc_10-20161007-01-05-15-IMG_0061.jpg,RP11,Loc_12_RP11,3.22979025107775,0.00576691424228228,632.05379517886,2.72704494409284,1,2.72704494409284,2
611,6730,455,1727,423,Fox,Loc_12,2016-10-08 00:09:41,C:/Users/nash.l/Documents/Processed photos/point 12 phase 1/Loc_12-20161008-00-09-41-Loc_10-20161008-00-09-41-IMG_0141.jpg,RP11,Loc_12_RP11,1.44825308311435,0.270276047488296,1061.13583281127,2.71729574835074,2,1.35864787417537,4
617,6750,458,1791,435,Fox,Loc_12,2016-10-08 23:13:55,C:/Users/nash.l/Documents/Processed photos/point 12 phase 1/Loc_12-20161008-23-13-55-Loc_10-20161008-23-13-55-IMG_0161.jpg,RP11,Loc_12_RP11,1.45442291179606,0.294881548255367,1175.58737220121,3.14368980977711,2,1.57184490488855,4
624,6780,462,1524,556,Fox,Loc_12,2016-10-09 21:44:55,C:/Users/nash.l/Documents/Processed photos/point 12 phase 1/Loc_12-20161009-21-44-55-Loc_10-20161009-21-44-55-IMG_0191.jpg,RP11,Loc_12_RP11,1.85511510555471,0.192230474742743,1104.56756084849,3.43645048870753,2,1.71822524435377,4
781,7500,603,603,603,Fox,Loc_15,2016-10-13 19:15:18,C:/Users/nash.l/Documents/Processed photos/point 15 phase 2 zoo/Loc_15-20161013-19-15-18-IMG_0111.jpg,Cam4,Loc_15_Cam4,4.04195602317009,-0.161858059733389,386.665634478147,1.26791820904966,4,0.316979552262415,7
790,7520,606,1097,581,Fox,Loc_15,2016-10-20 21:07:49,C:/Users/nash.l/Documents/Processed photos/point 15 phase 2 zoo/Loc_15-20161020-21-07-49-IMG_0161.jpg,Cam4,Loc_15_Cam4,3.62151459247235,0.0280656493124404,696.704704922617,1.65062533695343,6,0.275104222825571,10
801,7530,608,896,770,Fox,Loc_15,2016-10-20 21:07:58,C:/Users/nash.l/Documents/Processed photos/point 15 phase 2 zoo/Loc_15-20161020-21-07-58-IMG_0171.jpg,Cam4,Loc_15_Cam4,4.87219821288585,-0.0492110015341421,449.49447555347,1.26601580701647,1,1.26601580701647,3
806,7550,611,698,661,Fox,Loc_15,2016-10-21 19:09:56,C:/Users/nash.l/Documents/Processed photos/point 15 phase 2 zoo/Loc_15-20161021-19-09-56-IMG_0191.jpg,Cam4,Loc_15_Cam4,4.28346873405872,-0.125334269532268,1337.15521924005,2.28576571421256,2,1.14288285710628,4
812,7570,614,1098,578,Fox,Loc_15,2016-10-21 19:21:31,C:/Users/nash.l/Documents/Processed photos/point 15 phase 2 zoo/Loc_15-20161021-19-21-31-IMG_0211.jpg,Cam4,Loc_15_Cam4,3.60871523195165,0.0284501102619259,867.96609699221,2.39664696652214,6,0.399441161087023,10
826,7710,619,546,746,Hedgehog,Loc_16,2016-10-05 05:16:28,C:/Users/nash.l/Documents/Processed photos/point 16 phase 1 zoo/Loc_16-20161005-05-16-28-IMG_0251.jpg,Cam4,Loc_16_Cam4,4.567232691001,-0.183772333854062,912.091118375118,2.23100840422401,6,0.371834734037334,10
836,7720,620,1184,734,Hedgehog,Loc_16,2016-10-05 05:16:39,C:/Users/nash.l/Documents/Processed photos/point 16 phase 1 zoo/Loc_16-20161005-05-16-39-IMG_0261.jpg,Cam4,Loc_16_Cam4,5.25636944309923,0.0615137519176776,1150.90325416707,2.45541074269446,3,0.818470247564819,5
912,8090,692,1895,183,Hedgehog,Loc_16,2016-10-10 02:00:43,C:/Users/nash.l/Documents/Processed photos/point 16 phase 1 zoo/Loc_16-20161010-02-00-43-IMG_0881.jpg,Cam4,Loc_16_Cam4,1.80626284280542,0.334865487001858,356.171918371503,1.72852559778303,5,0.345705119556607,9
921,8100,693,1858,621,Hedgehog,Loc_16,2016-10-10 02:02:04,C:/Users/nash.l/Documents/Processed photos/point 16 phase 1 zoo/Loc_16-20161010-02-02-04-IMG_0891.jpg,Cam4,Loc_16_Cam4,4.81800845090137,0.320640431870895,750.020823191416,3.40570832885838,4,0.851427082214596,7
928,8110,694,62,689,Hedgehog,Loc_16,2016-10-10 02:29:06,C:/Users/nash.l/Documents/Processed photos/point 16 phase 1 zoo/Loc_16-20161010-02-29-06-IMG_0901.jpg,Cam4,Loc_16_Cam4,3.83613956632127,-0.369851433405037,955.236931824897,1.95747818013226,6,0.326246363355377,10
938,8120,695,1358,741,Hedgehog,Loc_16,2016-10-10 02:29:16,C:/Users/nash.l/Documents/Processed photos/point 16 phase 1 zoo/Loc_16-20161010-02-29-16-IMG_0911.jpg,Cam4,Loc_16_Cam4,5.55635040212149,0.128409957128152,261.906197870252,0.771012165352878,6,0.128502027558813,10
948,8130,696,1319,669,Hedgehog,Loc_16,2016-10-10 02:29:40,C:/Users/nash.l/Documents/Processed photos/point 16 phase 1 zoo/Loc_16-20161010-02-29-40-IMG_0921.jpg,Cam4,Loc_16_Cam4,4.82247631589659,0.113415980098218,431.294426611713,1.29680260818581,6,0.216133768030968,10
958,8140,697,1345,567,Hedgehog,Loc_16,2016-10-10 02:30:09,C:/Users/nash.l/Documents/Processed photos/point 16 phase 1 zoo/Loc_16-20161010-02-30-09-IMG_0931.jpg,Cam4,Loc_16_Cam4,4.01305868997018,0.123411964784841,124.511065763918,0.243372589484717,6,0.0405620982474528,10
968,8150,698,1558,585,Hedgehog,Loc_16,2016-10-10 02:30:21,C:/Users/nash.l/Documents/Processed photos/point 16 phase 1 zoo/Loc_16-20161010-02-30-21-IMG_0941.jpg,Cam4,Loc_16_Cam4,4.27020912481403,0.205302147025249,455.901460773697,1.37192413954401,5,0.274384827908802,10
978,8160,699,260,743,Hedgehog,Loc_16,2016-10-10 02:31:54,C:/Users/nash.l/Documents/Processed photos/point 16 phase 1 zoo/Loc_16-20161010-02-31-54-IMG_0951.jpg,Cam4,Loc_16_Cam4,4.23511511139988,-0.293728165406911,230.367098345228,0.412594835154604,1,0.412594835154604,2
981,8170,701,1003,703,Fox,Loc_16,2016-10-10 19:02:18,C:/Users/nash.l/Documents/Processed photos/point 16 phase 1 zoo/Loc_16-20161010-19-02-18-IMG_0991.jpg,Cam4,Loc_16_Cam4,4.78562633037519,-0.00807367993919519,614.12664006989,1.83398185911958,7,0.261997408445655,10
992,8261,703,292,578,Fox,Loc_16,2016-10-11 19:11:48,C:/Users/nash.l/Documents/Processed photos/point 16 phase 1 zoo/Loc_16-20161011-19-11-48-IMG_1102.jpg,Cam4,Loc_16_Cam4,3.57159961626408,-0.281425415023375,1562.75106169994,2.00687495910693,1,2.00687495910693,3
997,8270,706,1339,752,Fox,Loc_16,2016-10-11 19:12:01,C:/Users/nash.l/Documents/Processed photos/point 16 phase 1 zoo/Loc_16-20161011-19-12-01-IMG_1111.jpg,Cam4,Loc_16_Cam4,5.64360932161403,0.121105199087928,154.446877157198,0.471608588220001,6,0.0786014313700002,10
1007,8280,707,1232,748,Fox,Loc_16,2016-10-11 19:12:32,C:/Users/nash.l/Documents/Processed photos/point 16 phase 1 zoo/Loc_16-20161011-19-12-32-IMG_1121.jpg,Cam4,Loc_16_Cam4,5.45166338092069,0.0799678774929809,526.095256598862,1.41363058031005,2,0.706815290155024,4
1012,8290,709,2042,519,Hedgehog,Loc_16,2016-10-11 19:51:28,C:/Users/nash.l/Documents/Processed photos/point 16 phase 1 zoo/Loc_16-20161011-19-51-28-IMG_1131.jpg,Cam4,Loc_16_Cam4,3.90099906776136,0.391381246576224,2004.78190855765,2.99998910378925,6,0.499998183964875,10
1023,8360,711,755,372,Fox,Loc_16,2016-10-12 20:59:59,C:/Users/nash.l/Documents/Processed photos/point 16 phase 1 zoo/Loc_16-20161012-20-59-59-IMG_1201.jpg,Cam4,Loc_16_Cam4,2.83122150814283,-0.103419995411596,964.742780955382,3.63751521430839,6,0.606252535718065,8
1032,5490,713,2028,535,Fox,Loc_08,2016-10-03 20:19:31,C:/Users/nash.l/Documents/Processed photos/point 08 phase 1 zoo/Loc_08-20161003-20-19-31-IMG_0011.jpg,Cam3,Loc_08_Cam3,3.42846642248432,0.385998793283427,369.771033306046,0.621751967201286,5,0.124350393440257,10
1102,5722,774,1462,619,Fox,Loc_08,2016-10-08 05:50:36,C:/Users/nash.l/Documents/Processed photos/point 08 phase 1 zoo/Loc_08-20161008-05-50-36-IMG_0283.jpg,Cam3,Loc_08_Cam3,6.7172068767361,0.168393895874643,426.981964099193,3.23332234023968,4,0.808330585059921,8
1234,8698,893,719,123,Hedgehog,Loc_18,2016-10-03 23:26:15,C:/Users/nash.l/Documents/Processed photos/point 18 phase 1 (cam1-bh4)/Loc_18-20161003-23-26-15-EK000167.jpg,BH4,Loc_18_BH4,2.12682019938983,-0.131865862201517,394.753171554756,0.394887667443221,1,0.394887667443221,3
1240,8719,897,889,165,Hedgehog,Loc_18,2016-10-05 03:29:43,C:/Users/nash.l/Documents/Processed photos/point 18 phase 1 (cam1-bh4)/Loc_18-20161005-03-29-43-EK000230.jpg,BH4,Loc_18_BH4,2.35622775360214,-0.0583668570400159,116.038786618958,0.118296523017353,1,0.118296523017353,3
1278,8837,933,680,576,Hedgehog,Loc_18,2016-10-12 01:07:57,C:/Users/nash.l/Documents/Processed photos/point 18 phase 1 (cam2-rh7)/Loc_18-20161012-01-07-57-IMG_0111.jpg,RH7,Loc_18_RH7,2.35417817634266,-0.114840467485219,1152.77890081052,1.20786149653998,4,0.301965374134994,6
1291,8867,941,159,189,Hedgehog,Loc_18,2016-10-12 23:16:47,C:/Users/nash.l/Documents/Processed photos/point 18 phase 1 (cam2-rh7)/Loc_18-20161012-23-16-47-IMG_0021.jpg,RH7,Loc_18_RH7,1.02122129551938,-0.328525765913072,1694.1274712103,0.702525751781484,6,0.117087625296914,10
1302,8878,943,258,336,Hedgehog,Loc_18,2016-10-13 01:01:17,C:/Users/nash.l/Documents/Processed photos/point 18 phase 1 (cam2-rh7)/Loc_18-20161013-01-01-17-IMG_0032.jpg,RH7,Loc_18_RH7,1.34082230243932,-0.287921457766513,606.522329575974,0.339336270984783,6,0.0565560451641305,9
1312,8887,945,1390,370,Hedgehog,Loc_18,2016-10-13 01:01:53,C:/Users/nash.l/Documents/Processed photos/point 18 phase 1 (cam2-rh7)/Loc_18-20161013-01-01-53-IMG_0041.jpg,RH7,Loc_18_RH7,1.61323811390228,0.176362146495157,452.932131598168,0.298235363088305,4,0.0745588407720762,6
1358,9034,986,390,403,Fox,Loc_19,2016-10-03 20:01:45,C:/Users/nash.l/Documents/Processed photos/point 19 phase 1 (cam1-bh6)/Loc_19-20161003-20-01-45-EK000128.jpg,BH6,Loc_19_BH6,1.53703697600196,-0.274108054543482,1070.97764590607,0.731201103841367,2,0.365600551920683,3
1362,9038,988,521,607,Fox,Loc_19,2016-10-03 20:51:06,C:/Users/nash.l/Documents/Processed photos/point 19 phase 1 (cam1-bh6)/Loc_19-20161003-20-51-06-EK000132.jpg,BH6,Loc_19_BH6,2.13903211181038,-0.217470585860208,456.985776583911,0.423871597050523,1,0.423871597050523,2
1398,9220,1023,925,809,Fox,Loc_19,2016-10-12 20:39:10,C:/Users/nash.l/Documents/Processed photos/point 19 phase 1 (cam3-rh5)/Loc_19-20161012-20-39-10-IMG_0061.jpg,RH5,Loc_19_RH5,2.82409805686449,-0.038061633999063,1214.93705932156,1.54957741675255,5,0.30991548335051,5
1405,9250,1026,349,617,Fox,Loc_19,2016-10-13 21:05:42,C:/Users/nash.l/Documents/Processed photos/point 19 phase 1 (cam3-rh5)/Loc_19-20161013-21-05-42-IMG_0221.jpg,RH5,Loc_19_RH5,1.79175307115648,-0.259511140902703,1347.59971801719,1.13034281249774,1,1.13034281249774,2
1526,11512,1144,995,123,Hedgehog,Loc_25,2016-10-07 01:07:45,C:/Users/nash.l/Documents/Processed photos/point 25 phase 1 (cam2-bh6)/Loc_25-20161007-01-07-45-EK000233.jpg,BH6,Loc_25_BH6,0.65011880418749,-0.0125380655863738,436.311303201345,0.393677562456855,1,0.393677562456855,3
1530,11515,1146,1565,645,Hedgehog,Loc_25,2016-10-07 01:07:49,C:/Users/nash.l/Documents/Processed photos/point 25 phase 1 (cam2-bh6)/Loc_25-20161007-01-07-49-EK000236.jpg,BH6,Loc_25_BH6,1.36774196642025,0.233899775249249,228.909216975194,0.454988861247658,2,0.227494430623829,3
1537,11554,1151,466,823,Fox,Loc_25,2016-10-11 04:04:10,C:/Users/nash.l/Documents/Processed photos/point 25 phase 1 (cam2-bh6)/Loc_25-20161011-04-04-10-EK000281.jpg,BH6,Loc_25_BH6,1.592822424948,-0.241249675765399,958.140105025824,0.744087438368815,2,0.372043719184407,3
1579,11799,1191,1317,592,Fox,Loc_26,2016-10-19 05:03:37,C:/Users/nash.l/Documents/Processed photos/point 26 phase 2/Loc_26-20161019-05-03-37-IMG_0193.jpg,RH7,Loc_26_RH7,1.95816264927549,0.146421596043654,404.431700043407,1.33004857370614,1,1.33004857370614,2
1582,11809,1193,640,447,Hedgehog,Loc_26,2016-10-20 04:22:05,C:/Users/nash.l/Documents/Processed photos/point 26 phase 2/Loc_26-20161020-04-22-05-IMG_0237.jpg,RH7,Loc_26_RH7,1.4836232597585,-0.131246248554536,128.736796365973,0.0874970894150938,6,0.014582848235849,10
1619,11917,1219,-650,273,Fox,Loc_28,2016-10-24 19:39:49,C:/Users/nash.l/Documents/Processed photos/point 28 phase 2/Loc_28-20161024-19-39-49-IMG_0041.jpg,RP12,Loc_28_RP12,1.08991587229189,-0.643587629438702,7,0.0103792847975907,5.34064814814815,0.00194345040333534,2
1623,11977,1222,853,806,Fox,Loc_28,2016-10-31 05:39:21,C:/Users/nash.l/Documents/Processed photos/point 28 phase 2/Loc_28-20161031-05-39-21-IMG_0101.jpg,RP12,Loc_28_RP12,4.27221045499552,-0.065742822362018,423.47394961642,0.921741247056749,4,0.230435311764187,7
1706,12178,1299,1358,800,Fox,Loc_28,2016-10-31 23:55:56,C:/Users/nash.l/Documents/Processed photos/point 28 phase 2/Loc_28-20161031-23-55-56-IMG_0302.jpg,RP12,Loc_28_RP12,4.48709168571539,0.128409957128152,306.535889990737,0.589676143048152,2,0.294838071524076,4
1714,12227,1304,507,758,Fox,Loc_29,2016-10-05 00:34:18,C:/Users/nash.l/Documents/Processed photos/point 29 phase 1/Loc_29-20161005-00-34-18-IMG_0031.jpg,RP12,Loc_29_RP12,2.87140984614321,-0.198766310883996,247.220178677556,0.286750178971367,5,0.0573500357942734,9
1725,12247,1307,1264,682,Fox,Loc_29,2016-10-05 00:49:13,C:/Users/nash.l/Documents/Processed photos/point 29 phase 1/Loc_29-20161005-00-49-13-IMG_0051.jpg,RP12,Loc_29_RP12,2.27428323660024,0.0922706278765165,888.081995926383,0.805530774504522,2,0.402765387252261,5
1732,12267,1310,1049,765,Fox,Loc_29,2016-10-05 00:57:55,C:/Users/nash.l/Documents/Processed photos/point 29 phase 1/Loc_29-20161005-00-57-55-IMG_0071.jpg,RP12,Loc_29_RP12,2.85660836475749,0.00961152373713713,834.097057910329,4.35726126531598,5,0.871452253063195,10
1743,12277,1312,1341,782,Fox,Loc_29,2016-10-05 01:24:40,C:/Users/nash.l/Documents/Processed photos/point 29 phase 1/Loc_29-20161005-01-24-40-IMG_0081.jpg,RP12,Loc_29_RP12,2.96294560992446,0.121874120986899,1171.72684409908,1.41181706393259,2,0.705908531966297,4
1748,12297,1314,-623,167,Fox,Loc_29,2016-10-05 02:53:20,C:/Users/nash.l/Documents/Processed photos/point 29 phase 1/Loc_29-20161005-02-53-20-IMG_0101.jpg,RP12,Loc_29_RP12,1.02325147303835,-0.633207183802594,68.818602136341,0.0716992791459047,3,0.0238997597153016,2
1752,12317,1317,187,612,Fox,Loc_29,2016-10-05 05:09:59,C:/Users/nash.l/Documents/Processed photos/point 29 phase 1/Loc_29-20161005-05-09-59-IMG_0121.jpg,RP12,Loc_29_RP12,2.00996710711235,-0.321793814719351,1713.32830547889,1.36246749185184,5,0.272493498370368,8
1761,12327,1319,973,775,Fox,Loc_29,2016-10-05 20:11:46,C:/Users/nash.l/Documents/Processed photos/point 29 phase 1/Loc_29-20161005-20-11-46-IMG_0131.jpg,RP12,Loc_29_RP12,2.95466217371654,-0.0196075084237597,981.605754136215,1.53603098607256,3.10415509259259,0.494830619042835,8
1780,12448,1331,425,733,Fox,Loc_29,2016-10-06 20:37:56,C:/Users/nash.l/Documents/Processed photos/point 29 phase 1/Loc_29-20161006-20-37-56-IMG_0252.jpg,RP12,Loc_29_RP12,2.68057867883645,-0.230292108741806,1487.63011479501,1.67059901363818,6,0.278433168939697,10
1790,12458,1332,998,744,Fox,Loc_29,2016-10-06 20:38:04,C:/Users/nash.l/Documents/Processed photos/point 29 phase 1/Loc_29-20161006-20-38-04-IMG_0262.jpg,RP12,Loc_29_RP12,2.69566374143472,-0.00999598468662262,1043.89242297048,1.1188689261051,2,0.55943446305255,4
1797,12498,1336,1065,430,Fox,Loc_29,2016-10-07 02:29:39,C:/Users/nash.l/Documents/Processed photos/point 29 phase 1/Loc_29-20161007-02-29-39-IMG_0302.jpg,RP12,Loc_29_RP12,1.42132240581197,0.0157628989289049,1839.66498530863,1.53423326631903,5,0.306846653263805,6
1804,12518,1338,1204,714,Fox,Loc_29,2016-10-07 03:53:10,C:/Users/nash.l/Documents/Processed photos/point 29 phase 1/Loc_29-20161007-03-53-10-IMG_0322.jpg,RP12,Loc_29_RP12,2.46633348135375,0.0692029709073873,579.163893140243,1.19581745004793,6,0.199302908341322,10
1844,12738,1369,1379,748,Fox,Loc_29,2016-10-07 20:54:22,C:/Users/nash.l/Documents/Processed photos/point 29 phase 1/Loc_29-20161007-20-54-22-IMG_0172.jpg,RP12,Loc_29_RP12,2.68009629487183,0.136483637067347,553.084093751045,0.67729719540409,1,0.67729719540409,3
1850,12768,1373,1695,685,Fox,Loc_29,2016-10-07 22:18:02,C:/Users/nash.l/Documents/Processed photos/point 29 phase 1/Loc_29-20161007-22-18-02-IMG_0202.jpg,RP12,Loc_29_RP12,2.25593906094348,0.257973297104761,1747.5006315302,2.13181825026576,4,0.532954562566439,7
1859,12788,1376,1062,813,Fox,Loc_29,2016-10-08 01:42:19,C:/Users/nash.l/Documents/Processed photos/point 29 phase 1/Loc_29-20161008-01-42-19-IMG_0222.jpg,RP12,Loc_29_RP12,3.32370541283225,0.0146095160804484,1286.39435613129,1.79791222068686,6,0.299652036781144,10
1870,12798,1378,639,685,Fox,Loc_29,2016-10-08 04:01:33,C:/Users/nash.l/Documents/Processed photos/point 29 phase 1/Loc_29-20161008-04-01-33-IMG_0232.jpg,RP12,Loc_29_RP12,2.34265702337612,-0.148017465551912,1789.4380182603,2.57015639014606,5,0.514031278029212,10
1881,12808,1380,611,695,Fox,Loc_29,2016-10-08 04:29:13,C:/Users/nash.l/Documents/Processed photos/point 29 phase 1/Loc_29-20161008-04-29-13-IMG_0242.jpg,RP12,Loc_29_RP12,2.40433675425528,-0.158782372137505,2769.30378507823,2.56093594016167,2,1.28046797008084,4
1887,12829,1383,236,663,Fox,Loc_29,2016-10-08 05:53:22,C:/Users/nash.l/Documents/Processed photos/point 29 phase 1/Loc_29-20161008-05-53-22-IMG_0263.jpg,RP12,Loc_29_RP12,2.25261304301522,-0.302955228194562,2747.2581924341,2.41386175464721,4,0.603465438661801,7
1895,12838,1385,976,747,Fox,Loc_29,2016-10-08 19:50:56,C:/Users/nash.l/Documents/Processed photos/point 29 phase 1/Loc_29-20161008-19-50-56-IMG_0272.jpg,RP12,Loc_29_RP12,2.72116072299765,-0.0184541255753033,1630.27082511263,2.0364927866333,5,0.407298557326659,10
1907,12847,1388,833,595,Fox,Loc_29,2016-10-08 20:24:54,C:/Users/nash.l/Documents/Processed photos/point 29 phase 1/Loc_29-20161008-20-24-54-IMG_0281.jpg,RP12,Loc_29_RP12,1.90561658947856,-0.0734320413517277,263.096940309081,0.227092168371773,7,0.0324417383388248,10
1918,12877,1390,1456,727,Fox,Loc_29,2016-10-08 22:06:48,C:/Users/nash.l/Documents/Processed photos/point 29 phase 1/Loc_29-20161008-22-06-48-IMG_0311.jpg,RP12,Loc_29_RP12,2.52489770796019,0.16608713017773,1252.95188146529,1.28423666674398,5,0.256847333348796,9
1929,12897,1393,1596,705,Fox,Loc_29,2016-10-08 22:21:37,C:/Users/nash.l/Documents/Processed photos/point 29 phase 1/Loc_29-20161008-22-21-37-IMG_0331.jpg,RP12,Loc_29_RP12,2.37509649478276,0.219911663105698,1358.6655663754,1.44208997387745,6,0.240348328979575,10
1940,12907,1395,1563,627,Fox,Loc_29,2016-10-08 22:41:39,C:/Users/nash.l/Documents/Processed photos/point 29 phase 1/Loc_29-20161008-22-41-39-IMG_0341.jpg,RP12,Loc_29_RP12,1.99378147246463,0.207224451772677,1527.25669093313,1.14536210364604,1,1.14536210364604,2
1944,12927,1398,968,842,Fox,Loc_29,2016-10-08 23:31:34,C:/Users/nash.l/Documents/Processed photos/point 29 phase 1/Loc_29-20161008-23-31-34-IMG_0361.jpg,RP12,Loc_29_RP12,3.71021624607858,-0.0215298131711872,918.562604814743,1.65470351283103,5,0.330940702566206,9
1969,13017,1408,472,633,Fox,Loc_29,2016-10-09 04:07:57,C:/Users/nash.l/Documents/Processed photos/point 29 phase 1/Loc_29-20161009-04-07-57-IMG_0451.jpg,RP12,Loc_29_RP12,2.08643388951922,-0.212222444115988,1303.13885315457,1.00705543104794,1,1.00705543104794,3
1975,13047,1412,1919,675,Fox,Loc_29,2016-10-09 05:22:28,C:/Users/nash.l/Documents/Processed photos/point 29 phase 1/Loc_29-20161009-05-22-28-IMG_0481.jpg,RP12,Loc_29_RP12,2.18782575199313,0.344092549789509,160.199875156006,0.136511259988411,5,0.0273022519976823,10
1986,13057,1414,1314,669,Fox,Loc_29,2016-10-09 05:22:35,C:/Users/nash.l/Documents/Processed photos/point 29 phase 1/Loc_29-20161009-05-22-35-IMG_0491.jpg,RP12,Loc_29_RP12,2.20254462594363,0.111493675350791,955.059681063535,0.842170484707473,1,0.842170484707473,3
1992,13087,1418,1895,617,Fox,Loc_29,2016-10-09 19:55:23,C:/Users/nash.l/Documents/Processed photos/point 29 phase 1/Loc_29-20161009-19-55-23-IMG_0521.jpg,RP12,Loc_29_RP12,1.93501829067041,0.334865487001858,1746.35897696548,1.80927412524557,3,0.603091375081858,6
1999,13097,1420,1605,681,Fox,Loc_29,2016-10-09 20:22:55,C:/Users/nash.l/Documents/Processed photos/point 29 phase 1/Loc_29-20161009-20-22-55-IMG_0531.jpg,RP12,Loc_29_RP12,2.24205166269868,0.223371811651067,1465.54708809073,1.45949559347839,4,0.364873898369597,8
2013,13167,1427,1557,767,Fox,Loc_29,2016-10-10 01:42:31,C:/Users/nash.l/Documents/Processed photos/point 29 phase 1/Loc_29-20161010-01-42-31-IMG_0601.jpg,RP12,Loc_29_RP12,2.80460151320785,0.204917686075764,774.264599424422,2.24803769137106,6,0.374672948561843,10
2024,13177,1429,490,696,Fox,Loc_29,2016-10-10 04:00:56,C:/Users/nash.l/Documents/Processed photos/point 29 phase 1/Loc_29-20161010-04-00-56-IMG_0611.jpg,RP12,Loc_29_RP12,2.42151403794674,-0.205302147025249,1294.81968693297,1.40988507675184,5,0.281977015350368,8
2035,13217,1433,186,729,Fox,Loc_29,2016-10-10 20:46:02,C:/Users/nash.l/Documents/Processed photos/point 29 phase 1/Loc_29-20161010-20-46-02-IMG_0651.jpg,RP12,Loc_29_RP12,2.67828749796945,-0.322178275668837,1360.32047652584,1.48225336608448,5,0.296450673216895,9
2047,13248,1437,708,418,Fox,Loc_29,2016-10-11 02:13:40,C:/Users/nash.l/Documents/Processed photos/point 29 phase 1/Loc_29-20161011-02-13-40-IMG_0682.jpg,RP12,Loc_29_RP12,1.40345957591027,-0.121489660037413,1186.59571292619,0.635271836927255,6,0.105878639487876,8
2060,13297,1443,550,566,Fox,Loc_29,2016-10-11 19:54:46,C:/Users/nash.l/Documents/Processed photos/point 29 phase 1/Loc_29-20161011-19-54-46-IMG_0001.jpg,RP12,Loc_29_RP12,1.81255485411647,-0.18223449005612,1102.53514120993,0.774773158067006,5,0.154954631613401,7
2068,13317,1445,1885,698,Fox,Loc_29,2016-10-11 21:23:11,C:/Users/nash.l/Documents/Processed photos/point 29 phase 1/Loc_29-20161011-21-23-11-IMG_0021.jpg,RP12,Loc_29_RP12,2.31037056511537,0.331020877507003,1508.59984445626,1.48904937654413,5,0.297809875308825,9
2083,13377,1452,1596,800,Fox,Loc_29,2016-10-12 19:58:37,C:/Users/nash.l/Documents/Processed photos/point 29 phase 1/Loc_29-20161012-19-58-37-IMG_0081.jpg,RP12,Loc_29_RP12,3.09138818185687,0.219911663105698,890.854321528755,2.49827499854354,6,0.416379166423923,10
2095,13398,1455,611,541,Fox,Loc_29,2016-10-12 22:02:00,C:/Users/nash.l/Documents/Processed photos/point 29 phase 1/Loc_29-20161012-22-02-00-IMG_0102.jpg,RP12,Loc_29_RP12,1.72643153083124,-0.158782372137505,1159.64906616917,1.98439938584184,6,0.330733230973641,9
2107,13439,1459,269,584,Fox,Loc_29,2016-10-13 02:47:26,C:/Users/nash.l/Documents/Processed photos/point 29 phase 1/Loc_29-20161013-02-47-26-IMG_0143.jpg,RP12,Loc_29_RP12,1.891719283836,-0.290268016861541,1670.74785045663,1.22426807807107,5,0.244853615614214,8
2119,13497,1464,971,779,Fox,Loc_29,2016-10-14 00:19:46,C:/Users/nash.l/Documents/Processed photos/point 29 phase 1/Loc_29-20161014-00-19-46-IMG_0201.jpg,RP12,Loc_29_RP12,2.99148073671191,-0.0203764303227307,970.236567566151,1.1379325243223,3,0.379310841440768,5
2128,13537,1469,1267,737,Fox,Loc_29,2016-10-14 03:09:31,C:/Users/nash.l/Documents/Processed photos/point 29 phase 1/Loc_29-20161014-03-09-31-IMG_0241.jpg,RP12,Loc_29_RP12,2.6134384779506,0.0934240107249729,455.763839916207,0.907618447522569,6,0.151269741253761,10
2143,13570,1475,908,829,Fox,Loc_29,2016-10-14 19:49:07,C:/Users/nash.l/Documents/Processed photos/point 29 phase 1/Loc_29-20161014-19-49-07-IMG_0274.jpg,RP12,Loc_29_RP12,3.54921844942509,-0.0445974701403163,1337.90896830177,2.5849972925672,18,0.143610960698178,27
2174,13631,1480,419,573,Fox,Loc_29,2016-10-14 20:57:08,C:/Users/nash.l/Documents/Processed photos/point 29 phase 1/Loc_29-20161014-20-57-08-IMG_0335.jpg,RP12,Loc_29_RP12,1.84349345145956,-0.232598874438719,1464.42082864968,1.04280433750482,3,0.347601445834939,5
2184,13667,1486,1722,687,Fox,Loc_29,2016-10-14 22:49:15,C:/Users/nash.l/Documents/Processed photos/point 29 phase 1/Loc_29-20161014-22-49-15-IMG_0371.jpg,RP12,Loc_29_RP12,2.26435823277325,0.268353742740869,1726.86351878158,1.4720548415185,15,0.0981369894345666,25
2252,13867,1530,1297,723,Fox,Loc_29,2016-10-15 21:36:53,C:/Users/nash.l/Documents/Processed photos/point 29 phase 1/Loc_29-20161015-21-36-53-IMG_0571.jpg,RP12,Loc_29_RP12,2.51496840576227,0.104957839209537,1176.34300624703,1.17654861422815,3,0.392182871409385,6
2261,13897,1534,1743,525,Fox,Loc_29,2016-10-16 01:59:43,C:/Users/nash.l/Documents/Processed photos/point 29 phase 1/Loc_29-20161016-01-59-43-IMG_0601.jpg,RP12,Loc_29_RP12,1.63697546718855,0.276427422680064,1600.69239031974,1.2014277424605,3,0.400475914153499,7
2270,13932,1537,643,343,Fox,Loc_29,2016-10-16 05:50:32,C:/Users/nash.l/Documents/Processed photos/point 29 phase 1/Loc_29-20161016-05-50-32-IMG_0636.jpg,RP12,Loc_29_RP12,1.2609550376402,-0.14647962175397,963.473922843789,0.495906316928557,1,0.495906316928557,2
2276,13967,1542,660,539,Fox,Loc_29,2016-10-17 04:11:17,C:/Users/nash.l/Documents/Processed photos/point 29 phase 1/Loc_29-20161017-04-11-17-IMG_0671.jpg,RP12,Loc_29_RP12,1.71818777223446,-0.139943785612717,1195.48275315104,0.817182267770531,7,0.116740323967219,10
2333,14161,1590,1325,519,Fox,Loc_30,2016-10-22 05:03:08,C:/Users/nash.l/Documents/Processed photos/point 30 phase 2/Loc_30-20161022-05-03-08-IMG_2051.jpg,RH6,Loc_30_RH6,3.40618040643129,0.115722745795131,714.2023522784,0.952332004644786,1,0.952332004644786,2
2596,14995,1805,1674,716,Fox,Loc_34,2016-10-05 02:43:49,C:/Users/nash.l/Documents/Processed photos/point 34 phase 1/Loc_34-20161005-02-43-49-EK000145.jpg,BH2,Loc_34_BH2,1.97764496402864,0.281025607970447,347.349164649219,1.04993319793724,2,0.524966598968622,3
2603,15031,1810,1731,693,Fox,Loc_34,2016-10-06 21:24:53,C:/Users/nash.l/Documents/Processed photos/point 34 phase 1/Loc_34-20161006-21-24-53-EK000211.jpg,BH2,Loc_34_BH2,1.86670955983596,0.305669392054009,1603.19365233571,1.38659533980845,1,1.38659533980845,3
2609,15037,1814,1411,525,Fox,Loc_34,2016-10-06 22:30:37,C:/Users/nash.l/Documents/Processed photos/point 34 phase 1/Loc_34-20161006-22-30-37-EK000217.jpg,BH2,Loc_34_BH2,1.30599220193542,0.167318323514712,1203.38226217225,0.698362364052499,2,0.349181182026249,3
2627,15130,1830,1718,752,Fox,Loc_34,2016-10-13 21:11:51,C:/Users/nash.l/Documents/Processed photos/point 34 phase 1/Loc_34-20161013-21-11-51-EK000316.jpg,BH2,Loc_34_BH2,2.19184714650741,0.3000488798946,59.5399025864168,0.0718467832873682,1,0.0718467832873682,3
2631,15133,1832,374,739,Fox,Loc_34,2016-10-13 21:44:31,C:/Users/nash.l/Documents/Processed photos/point 34 phase 1/Loc_34-20161013-21-44-31-EK000319.jpg,BH2,Loc_34_BH2,2.00782671056304,-0.281025607970447,646.138470874249,0.777697250141993,2,0.388848625070996,3
2637,15142,1836,990,638,Fox,Loc_34,2016-10-13 23:41:09,C:/Users/nash.l/Documents/Processed photos/point 34 phase 1/Loc_34-20161013-23-41-09-EK000328.jpg,BH2,Loc_34_BH2,1.60950044076518,-0.0146998010323003,386.349119554342,0.703801894232806,1,0.703801894232806,3
2661,15193,1854,1007,641,Fox,Loc_34,2016-10-14 02:13:37,C:/Users/nash.l/Documents/Processed photos/point 34 phase 1/Loc_34-20161014-02-13-37-EK000379.jpg,BH2,Loc_34_BH2,1.62058110527258,-0.00734990051615015,332.076280820586,0.237033510898856,2,0.118516755449428,3
2667,15202,1858,1230,797,Fox,Loc_34,2016-10-14 04:10:23,C:/Users/nash.l/Documents/Processed photos/point 34 phase 1/Loc_34-20161014-04-10-23-EK000388.jpg,BH2,Loc_34_BH2,2.47021564609781,0.0890635003721725,728.256162668953,0.767229235857593,1,0.767229235857593,3
2686,15247,1873,976,749,Fox,Loc_34,2016-10-14 05:19:49,C:/Users/nash.l/Documents/Processed photos/point 34 phase 1/Loc_34-20161014-05-19-49-EK000433.jpg,BH2,Loc_34_BH2,2.11030630067342,-0.0207526602808946,595.971325209149,0.593164021425852,2,0.296582010712926,3
2690,15274,1875,1427,786,Fox,Loc_34,2016-10-14 20:27:32,C:/Users/nash.l/Documents/Processed photos/point 34 phase 1/Loc_34-20161014-20-27-32-EK000460.jpg,BH2,Loc_34_BH2,2.4049629951566,0.174235876941677,865.188918645126,0.908434870515042,2,0.454217435257521,3
2698,15292,1881,957,760,Fox,Loc_34,2016-10-14 23:29:35,C:/Users/nash.l/Documents/Processed photos/point 34 phase 1/Loc_34-20161014-23-29-35-EK000478.jpg,BH2,Loc_34_BH2,2.17606621271232,-0.0289672549754153,169.839785396342,0.179123251693648,1,0.179123251693648,3
2704,15301,1885,1338,788,Fox,Loc_34,2016-10-14 23:55:14,C:/Users/nash.l/Documents/Processed photos/point 34 phase 1/Loc_34-20161014-23-55-14-EK000487.jpg,BH2,Loc_34_BH2,2.41063957656453,0.135756986004185,585.003642575977,0.620555960547737,2,0.310277980273869,3
2708,15304,1887,253,789,Fox,Loc_34,2016-10-15 00:20:51,C:/Users/nash.l/Documents/Processed photos/point 34 phase 1/Loc_34-20161015-00-20-51-EK000490.jpg,BH2,Loc_34_BH2,2.30191387281258,-0.333339605761869,100,0.100263639289576,2,0.050131819644788,3
2714,15313,1891,1686,770,Fox,Loc_34,2016-10-15 00:21:39,C:/Users/nash.l/Documents/Processed photos/point 34 phase 1/Loc_34-20161015-00-21-39-EK000499.jpg,BH2,Loc_34_BH2,2.31223389109041,0.286213773040671,286.287641307727,0.473514523753875,1,0.473514523753875,3
2718,15316,1893,561,369,Fox,Loc_34,2016-10-15 00:44:59,C:/Users/nash.l/Documents/Processed photos/point 34 phase 1/Loc_34-20161015-00-44-59-EK000502.jpg,BH2,Loc_34_BH2,1.01957811591468,-0.200176702292795,1206.10753283786,0.686608532481004,1,0.686608532481004,3
2725,15328,1898,572,784,Fox,Loc_34,2016-10-15 03:22:09,C:/Users/nash.l/Documents/Processed photos/point 34 phase 1/Loc_34-20161015-03-22-09-EK000514.jpg,BH2,Loc_34_BH2,2.29940208785954,-0.195420884311757,343.472498309867,0.378565061540059,2,0.189282530770029,3
2775,15457,1946,817,603,Hedgehog,Loc_35,2016-10-24 01:42:30,C:/Users/nash.l/Documents/Processed photos/point 35 phase 2/Loc_35-20161024-01-42-30-EK000169.jpg,BH8,Loc_35_BH8,2.49552203201143,-0.0894958474613578,468.273424400745,0.513995086382878,2,0.256997543191439,3
2787,15490,1956,2018,-52,Hedgehog,Loc_35,2016-11-01 03:25:54,C:/Users/nash.l/Documents/Processed photos/point 35 phase 2/Loc_35-20161101-03-25-54-EK000218.jpg,BH8,Loc_35_BH8,0.826511184939015,0.429753006650191,58.5491246732178,0.0411195735765588,14,0.00293711239832563,2
2789,15493,1957,2083,-98,Hedgehog,Loc_35,2016-11-01 03:25:59,C:/Users/nash.l/Documents/Processed photos/point 35 phase 2/Loc_35-20161101-03-25-59-EK000220.jpg,BH8,Loc_35_BH8,0.797930048894643,0.457855567447236,27.8926513619627,0.0112430941721615,9,0.00124923268579572,2
2799,15517,1965,1682,591,Hedgehog,Loc_35,2016-11-01 06:11:01,C:/Users/nash.l/Documents/Processed photos/point 35 phase 2/Loc_35-20161101-06-11-01-EK000244.jpg,BH8,Loc_35_BH8,2.37670832882221,0.28448438468393,228.008928215567,0.30976541831713,1,0.30976541831713,3
2803,15511,1968,1801,516,Hedgehog,Loc_35,2016-11-01 06:10:43,C:/Users/nash.l/Documents/Processed photos/point 35 phase 2/Loc_35-20161101-06-10-43-EK000238.jpg,BH8,Loc_35_BH8,1.88460863797727,0.335933688296981,119.339850846228,0.103172268822916,2,0.0515861344114581,3
2807,15523,1970,939,531,Hedgehog,Loc_35,2016-11-01 06:11:12,C:/Users/nash.l/Documents/Processed photos/point 35 phase 2/Loc_35-20161101-06-11-12-EK000250.jpg,BH8,Loc_35_BH8,1.92653463600786,-0.0367495025807508,231.18012373516,0.235974837981485,1,0.235974837981485,3
2811,15526,1972,604,597,Hedgehog,Loc_35,2016-11-01 06:11:17,C:/Users/nash.l/Documents/Processed photos/point 35 phase 2/Loc_35-20161101-06-11-17-EK000253.jpg,BH8,Loc_35_BH8,2.43328333392116,-0.181585777457827,60.7453701939498,0.417838566105201,1,0.417838566105201,3
2816,15529,1975,895,711,Hedgehog,Loc_35,2016-11-01 06:11:31,C:/Users/nash.l/Documents/Processed photos/point 35 phase 2/Loc_35-20161101-06-11-31-EK000256.jpg,BH8,Loc_35_BH8,5.04632053113208,-0.0557727745049041,234.883464328321,0.980406367317207,2,0.490203183658603,3
2820,15640,1977,742,790,Fox,Loc_37,2016-10-18 20:18:06,C:/Users/nash.l/Documents/Processed photos/point 37 phase 2/Loc_37-20161018-20-18-06-IMG_0001.jpg,RP6,Loc_37_RP6,6.43883518361187,-0.108417987754907,577.407291324213,1.93406654367939,5,0.386813308735877,10
2839,15710,1986,1688,719,Hedgehog,Loc_37,2016-10-21 22:47:27,C:/Users/nash.l/Documents/Processed photos/point 37 phase 2/Loc_37-20161021-22-47-27-IMG_0071.jpg,RP6,Loc_37_RP6,5.28779343460901,0.255282070458362,260.932606570814,0.70414009940828,3,0.234713366469427,6
2846,15720,1988,341,467,Fox,Loc_37,2016-10-22 20:24:55,C:/Users/nash.l/Documents/Processed photos/point 37 phase 2/Loc_37-20161022-20-24-55-IMG_0081.jpg,RP6,Loc_37_RP6,2.59068111094911,-0.262586828498586,97.9793338629971,0.161895523591555,7,0.0231279319416507,10
2863,15790,1996,510,279,Hedgehog,Loc_37,2016-10-23 01:21:26,C:/Users/nash.l/Documents/Processed photos/point 37 phase 2/Loc_37-20161023-01-21-26-IMG_0151.jpg,RP6,Loc_37_RP6,1.88958691026846,-0.197612928035539,491.388750650838,0.454281433480011,6,0.0757135722466685,10
2874,15800,1998,1732,234,Hedgehog,Loc_37,2016-10-23 03:40:04,C:/Users/nash.l/Documents/Processed photos/point 37 phase 2/Loc_37-20161023-03-40-04-IMG_0161.jpg,RP6,Loc_37_RP6,1.93198630596051,0.272198352235724,264.282145104121,0.244955870109361,2,0.12247793505468,4
2879,15810,2000,1561,670,Fox,Loc_37,2016-10-24 00:27:59,C:/Users/nash.l/Documents/Processed photos/point 37 phase 2/Loc_37-20161024-00-27-59-IMG_0171.jpg,RP6,Loc_37_RP6,4.52961680257475,0.206455529873706,1383.95306338827,4.00275851826561,6,0.667126419710936,10
2891,15830,2003,1235,818,Fox,Loc_37,2016-10-26 05:25:58,C:/Users/nash.l/Documents/Processed photos/point 37 phase 2/Loc_37-20161026-05-25-58-IMG_0191.jpg,RP6,Loc_37_RP6,7.40816171698349,0.0811212603414374,424.620277964139,1.29777623104995,4,0.324444057762488,7
2901,15870,2007,1226,779,Fox,Loc_37,2016-10-29 04:59:16,C:/Users/nash.l/Documents/Processed photos/point 37 phase 2/Loc_37-20161029-04-59-16-IMG_0231.jpg,RP6,Loc_37_RP6,6.33408925692773,0.077661111796068,608.752841968537,1.63858778410852,2,0.819293892054258,5
3045,16300,2125,711,790,Hedgehog,Loc_39,2016-10-18 22:24:01,C:/Users/nash.l/Documents/Processed photos/point 39 phase 2/Loc_39-20161018-22-24-01-IMG_0746.jpg,RH2,Loc_39_RH2,6.25929559622382,-0.120336277188957,193.951380548457,1.2487375804664,6,0.208122930077733,10
3056,16310,2127,980,840,Hedgehog,Loc_39,2016-10-19 00:42:37,C:/Users/nash.l/Documents/Processed photos/point 39 phase 2/Loc_39-20161019-00-42-37-IMG_0756.jpg,RH2,Loc_39_RH2,7.85096908860867,-0.0169162817773614,430.021842307835,1.79972171634048,3,0.599907238780159,6
3063,16320,2129,600,711,Hedgehog,Loc_39,2016-10-19 22:44:20,C:/Users/nash.l/Documents/Processed photos/point 39 phase 2/Loc_39-20161019-22-44-20-IMG_1165.jpg,RH2,Loc_39_RH2,4.60622971203587,-0.163011442581846,881.462090942188,1.9676242762178,3,0.655874758739266,6
3072,16350,2133,530,799,Hedgehog,Loc_39,2016-10-20 23:13:27,C:/Users/nash.l/Documents/Processed photos/point 39 phase 2/Loc_39-20161020-23-13-27-IMG_0171.jpg,RH2,Loc_39_RH2,6.59831950284896,-0.18992370904583,45.4868329805051,0.182266994626258,6,0.0303778324377097,10
3089,16370,2141,928,859,Hedgehog,Loc_39,2016-10-22 21:42:29,C:/Users/nash.l/Documents/Processed photos/point 39 phase 2/Loc_39-20161022-21-42-29-IMG_0771.jpg,RH2,Loc_39_RH2,8.75594657331846,-0.0369082511506066,255.863244722645,1.36521963174862,1,1.36521963174862,2
3093,16390,2143,591,449,Hedgehog,Loc_39,2016-10-26 22:28:19,C:/Users/nash.l/Documents/Processed photos/point 39 phase 2/Loc_39-20161026-22-28-19-IMG_2047.jpg,RH2,Loc_39_RH2,2.27245812411299,-0.166471591127215,955.250536716689,2.54720675388958,2,1.27360337694479,3
3100,16410,2147,1642,488,Fox,Loc_39,2016-10-27 04:40:26,C:/Users/nash.l/Documents/Processed photos/point 39 phase 2/Loc_39-20161027-04-40-26-IMG_2067.jpg,RH2,Loc_39_RH2,2.31957254775384,0.23759686678203,972.23577804775,6.43717168572362,4,1.6092929214309,6
3107,16470,2149,1010,808,Hedgehog,Loc_39,2016-10-29 22:12:08,C:/Users/nash.l/Documents/Processed photos/point 39 phase 2/Loc_39-20161029-22-12-08-IMG_2967.jpg,RH2,Loc_39_RH2,6.66948140939494,-0.00538245329279679,371.164535465151,1.35107391003411,5,0.270214782006823,9
3158,21787,2188,1254,654,Hedgehog,Loc_40,2016-10-10 03:57:52,C:/Users/nash.l/Documents/Processed photos/point 40 phase 1 (cam2-rp3)/Loc_40-20161010-03-57-52-IMG_0382.jpg,RP3,Loc_40_RP3,8.98792687280138,0.0884260183816616,402.471014584947,3.15888240293133,2,1.57944120146567,4
3185,21886,2201,1817,657,Fox,Loc_41,2016-10-23 21:16:55,C:/Users/nash.l/Documents/Processed photos/point 41 phase 2/Loc_41-20161023-21-16-55-IMG_4624.jpg,RP3,Loc_41_RP3,5.5651859478473,0.30487753294199,228.844925659277,3.36752753444947,1,3.36752753444947,2
3333,22635,2338,1811,263,Fox,Loc_43,2016-10-28 00:01:24,C:/Users/nash.l/Documents/Processed photos/point 43 phase 2/Loc_43-20161028-00-01-24-EK000283.jpg,BH2,Loc_43_BH2,1.17140454113785,0.340257159188834,218.009174118889,0.657000354271645,2,0.328500177135823,3
3503,23141,2438,444,143,Fox,Loc_46,2016-10-17 20:17:19,C:/Users/nash.l/Documents/Processed photos/point 46 phase 2/Loc_46-20161017-20-17-19-EK000085.jpg,BH7,Loc_46_BH7,2.1235037924631,-0.250761311727476,488.07443411343,3.28845076773172,2,1.64422538386586,3
3514,23354,2447,730,609,Fox,Loc_46,2016-10-20 02:12:38,C:/Users/nash.l/Documents/Processed photos/point 46 phase 2/Loc_46-20161020-02-12-38-EK000307.jpg,BH7,Loc_46_BH7,5.26212560750333,-0.127110044220479,156.169779406901,0.725739979992636,1,0.725739979992636,3
3531,23525,2462,857,174,Fox,Loc_46,2016-10-25 20:45:33,C:/Users/nash.l/Documents/Processed photos/point 46 phase 2/Loc_46-20161025-20-45-33-EK000550.jpg,BH7,Loc_46_BH7,2.14652813269236,-0.0722019638939456,388.688728995004,0.516641124093694,1,0.516641124093694,3
3536,23546,2465,892,500,Fox,Loc_46,2016-10-25 21:15:05,C:/Users/nash.l/Documents/Processed photos/point 46 phase 2/Loc_46-20161025-21-15-05-EK000571.jpg,BH7,Loc_46_BH7,4.1442721480122,-0.05706981577246,539.029201948126,1.59568536505877,1,1.59568536505877,3
3542,23586,2469,361,313,Fox,Loc_46,2016-10-26 05:27:58,C:/Users/nash.l/Documents/Processed photos/point 46 phase 2/Loc_46-20161026-05-27-58-EK000611.jpg,BH7,Loc_46_BH7,3.01985528877565,-0.286646120129856,123.967737738494,0.830068976178889,1,0.830068976178889,2
3561,23792,2487,1211,436,Fox,Loc_46,2016-10-31 19:26:50,C:/Users/nash.l/Documents/Processed photos/point 46 phase 2/Loc_46-20161031-19-26-50-EK000883.jpg,BH7,Loc_46_BH7,3.50870492947834,0.0808489056776517,572.212490553562,1.10299807216314,2,0.551499036081571,3
3601,23861,2525,757,375,Fox,Loc_47,2016-10-04 21:49:33,C:/Users/nash.l/Documents/Processed photos/point 47 phase 1/Loc_47-20161004-21-49-33-EK000106.jpg,BH7,Loc_47_BH7,5.22342739697903,-0.115436672812476,861.87162523521,2.01412155804591,1,2.01412155804591,3
3605,23879,2527,466,136,Fox,Loc_47,2016-10-09 19:17:56,C:/Users/nash.l/Documents/Processed photos/point 47 phase 1/Loc_47-20161009-19-17-56-EK000232.jpg,BH7,Loc_47_BH7,4.05768212309532,-0.241249675765399,862.30291078463,1.66306117398962,1,1.66306117398962,3
3670,24092,2590,854,716,Fox,Loc_49,2016-10-05 04:05:16,C:/Users/nash.l/Documents/Processed photos/point 49 phase 1/Loc_49-20161005-04-05-16-EK000103.jpg,BH3,Loc_49_BH3,7.0329664073206,-0.0734990051615015,305.207002961242,2.54398535010231,2,1.27199267505115,3
3676,24101,2594,714,260,Fox,Loc_49,2016-10-06 01:34:19,C:/Users/nash.l/Documents/Processed photos/point 49 phase 1/Loc_49-20161006-01-34-19-EK000112.jpg,BH3,Loc_49_BH3,1.69416576339796,-0.134027597647444,374.885946976024,0.767042937601664,1,0.767042937601664,3
3685,24107,2601,1277,601,Fox,Loc_49,2016-10-06 01:34:29,C:/Users/nash.l/Documents/Processed photos/point 49 phase 1/Loc_49-20161006-01-34-29-EK000118.jpg,BH3,Loc_49_BH3,3.75017744093038,0.109383813563882,154.736441924506,0.327908853082445,2,0.163954426541223,3
3689,24116,2603,968,572,Fox,Loc_49,2016-10-06 01:34:57,C:/Users/nash.l/Documents/Processed photos/point 49 phase 1/Loc_49-20161006-01-34-57-EK000127.jpg,BH3,Loc_49_BH3,3.47803508670128,-0.024211436994377,325.987686926882,0.917635867342959,2,0.458817933671479,3
3693,24122,2605,1310,526,Fox,Loc_49,2016-10-06 02:07:42,C:/Users/nash.l/Documents/Processed photos/point 49 phase 1/Loc_49-20161006-02-07-42-EK000133.jpg,BH3,Loc_49_BH3,2.93859518333306,0.123651267506997,341.235988723347,0.650453036002943,2,0.325226518001471,3
3703,24182,2613,789,596,Fox,Loc_49,2016-10-10 04:29:04,C:/Users/nash.l/Documents/Processed photos/point 49 phase 1/Loc_49-20161010-04-29-04-EK000214.jpg,BH3,Loc_49_BH3,3.85376967946666,-0.101601565958546,1123.88677585341,1.88693414571014,2,0.94346707285507,3
3709,24209,2617,1855,471,Fox,Loc_49,2016-10-11 04:26:42,C:/Users/nash.l/Documents/Processed photos/point 49 phase 1/Loc_49-20161011-04-26-42-EK000241.jpg,BH3,Loc_49_BH3,2.47177903385372,0.359280431112987,785.984724257541,1.18069429212073,2,0.590347146060366,3
3773,24364,2679,-352,342,Fox,Loc_49,2016-10-16 20:31:04,C:/Users/nash.l/Documents/Processed photos/point 49 phase 1/Loc_49-20161016-20-31-04-EK000435.jpg,BH3,Loc_49_BH3,2.02907441829798,-0.594909594718977,43.0464865000618,0.038100510549581,8,0.00476256381869763,2
3777,24371,2682,707,636,Fox,Loc_49,2016-10-16 20:31:30,C:/Users/nash.l/Documents/Processed photos/point 49 phase 1/Loc_49-20161016-20-31-30-EK000442.jpg,BH3,Loc_49_BH3,4.59399892022627,-0.137054027271741,116.004310264748,0.233241148734674,1,0.233241148734674,3
3824,24500,2725,890,490,Fox,Loc_50,2016-10-24 03:45:33,C:/Users/nash.l/Documents/Processed photos/point 50 phase 2/Loc_50-20161024-03-45-33-EK000114.jpg,BH3,Loc_50_BH3,6.32207868377876,-0.0579345099508306,935.023233699066,2.49920251716064,1,2.49920251716064,3
3852,24560,2749,1663,384,Fox,Loc_50,2016-10-25 05:17:22,C:/Users/nash.l/Documents/Processed photos/point 50 phase 2/Loc_50-20161025-05-17-22-EK000189.jpg,BH3,Loc_50_BH3,3.45624359724836,0.276269789989409,72.1110255092798,0.127612447668205,2,0.0638062238341024,3
3856,24593,2751,1572,505,Fox,Loc_50,2016-10-29 01:44:46,C:/Users/nash.l/Documents/Processed photos/point 50 phase 2/Loc_50-20161029-01-44-46-EK000222.jpg,BH3,Loc_50_BH3,6.55428409949721,0.236926204873546,894.48533850744,3.41754112981069,2,1.70877056490535,3
3865,24633,2758,1773,762,Fox,Loc_51,2016-10-18 02:34:55,C:/Users/nash.l/Documents/Processed photos/point 51 phase 2/Loc_51-20161018-02-34-55-IMG_0011.jpg,RP8,Loc_51_RP8,2.73320771687439,0.287961251164629,7.07106781186548,0.0100274437691435,3,0.00334248125638115,6
3876,24683,2764,1477,588,Fox,Loc_51,2016-10-19 01:21:05,C:/Users/nash.l/Documents/Processed photos/point 51 phase 2/Loc_51-20161019-01-21-05-IMG_0061.jpg,RP8,Loc_51_RP8,1.7835578914809,0.174160810116925,1122.13023901573,1.71312835356245,1,1.71312835356245,3
3883,24723,2769,1171,761,Fox,Loc_51,2016-10-19 05:21:07,C:/Users/nash.l/Documents/Processed photos/point 51 phase 2/Loc_51-20161019-05-21-07-IMG_0101.jpg,RP8,Loc_51_RP8,2.63747098099106,0.0565157595743663,721.642581644182,1.13846664827943,1,1.13846664827943,3
3888,24753,2772,1026,806,Fox,Loc_51,2016-10-20 03:37:57,C:/Users/nash.l/Documents/Processed photos/point 51 phase 2/Loc_51-20161020-03-37-57-IMG_0131.jpg,RP8,Loc_51_RP8,2.97383938897198,0.000768921898970971,302.610310465457,0.797468381322762,1,0.797468381322762,2
3892,24773,2775,658,765,Fox,Loc_51,2016-10-22 02:40:11,C:/Users/nash.l/Documents/Processed photos/point 51 phase 2/Loc_51-20161022-02-40-11-IMG_0151.jpg,RP8,Loc_51_RP8,2.59366679002602,-0.140712707511688,980.153097553776,1.03056167969131,5,0.206112335938261,9
3907,24836,2782,1024,694,Fox,Loc_51,2016-10-23 03:15:10,C:/Users/nash.l/Documents/Processed photos/point 51 phase 2/Loc_51-20161023-03-15-10-IMG_0214.jpg,RP8,Loc_51_RP8,2.21103831001894,0,727.757428326848,0.668696975022562,1,0.668696975022562,3
3912,24863,2785,1482,771,Fox,Loc_51,2016-10-26 00:05:07,C:/Users/nash.l/Documents/Processed photos/point 51 phase 2/Loc_51-20161026-00-05-07-IMG_0241.jpg,RP8,Loc_51_RP8,2.75925708786272,0.176083114864352,1126.04205324108,1.3713227423601,2,0.685661371180049,4
3916,24868,2786,115,881,Fox,Loc_51,2016-10-26 00:05:10,C:/Users/nash.l/Documents/Processed photos/point 51 phase 2/Loc_51-20161026-00-05-10-IMG_0246.jpg,RP8,Loc_51_RP8,3.52271193777374,-0.349475003082306,1081.84959592244,2.29082295557996,3,0.763607651859987,5
3922,24873,2788,1498,782,Fox,Loc_51,2016-10-26 00:05:24,C:/Users/nash.l/Documents/Processed photos/point 51 phase 2/Loc_51-20161026-00-05-24-IMG_0251.jpg,RP8,Loc_51_RP8,2.85147181206398,0.18223449005612,1094.14476765453,1.63755404090311,5,0.327510808180622,9
3939,24963,2797,661,441,Fox,Loc_51,2016-10-27 02:53:43,C:/Users/nash.l/Documents/Processed photos/point 51 phase 2/Loc_51-20161027-02-53-43-IMG_0341.jpg,RP8,Loc_51_RP8,1.35619064832678,-0.139559324663231,618.645297692363,0.822771908447545,17,0.0483983475557379,23
3968,25023,2804,926,624,Fox,Loc_51,2016-10-31 01:50:04,C:/Users/nash.l/Documents/Processed photos/point 51 phase 2/Loc_51-20161031-01-50-04-IMG_0401.jpg,RP8,Loc_51_RP8,1.88931626121839,-0.0376771730495776,836.134558549041,1.0918803025692,1,1.0918803025692,2
4038,25213,2873,919,622,Fox,Loc_51,2016-11-01 01:16:22,C:/Users/nash.l/Documents/Processed photos/point 51 phase 2/Loc_51-20161101-01-16-22-IMG_0591.jpg,RP8,Loc_51_RP8,1.88117431159479,-0.040368399695976,866.910023261257,0.939538433339872,2,0.469769216669936,3
4071,25313,2904,1303,671,Hedgehog,Loc_52,2016-10-18 04:54:53,C:/Users/nash.l/Documents/Processed photos/point 52 phase 2 (pos1)/Loc_52-20161018-04-54-53-IMG_0291.jpg,RP8,Loc_52_RP8,3.79926734922452,0.10726460490645,39.0262975904404,0.0651346796054468,5,0.0130269359210894,10
4082,25323,2906,1465,641,Hedgehog,Loc_52,2016-10-18 04:55:02,C:/Users/nash.l/Documents/Processed photos/point 52 phase 2 (pos1)/Loc_52-20161018-04-55-02-IMG_0301.jpg,RP8,Loc_52_RP8,3.73803168009251,0.169547278723099,325.122511442162,0.547512429146646,5,0.109502485829329,10
4094,25343,2909,614,750,Fox,Loc_52,2016-10-18 23:13:41,C:/Users/nash.l/Documents/Processed photos/point 52 phase 2 (pos1)/Loc_52-20161018-23-13-41-IMG_0481.jpg,RP8,Loc_52_RP8,3.55419898582363,-0.157628989289049,919.961730783576,1.69382476115979,5,0.338764952231958,10
4105,25353,2911,684,725,Fox,Loc_52,2016-10-18 23:58:26,C:/Users/nash.l/Documents/Processed photos/point 52 phase 2 (pos1)/Loc_52-20161018-23-58-26-IMG_0491.jpg,RP8,Loc_52_RP8,3.50166841869034,-0.130716722825065,828.469268282016,1.32205330098635,2,0.661026650493176,3
4110,25373,2914,582,677,Hedgehog,Loc_52,2016-10-19 01:52:06,C:/Users/nash.l/Documents/Processed photos/point 52 phase 2 (pos1)/Loc_52-20161019-01-52-06-IMG_0511.jpg,RP8,Loc_52_RP8,3.17882125064756,-0.169931739672584,1097.95708306368,1.97426940450087,10,0.197426940450087,16
4129,25403,2918,1186,232,Hedgehog,Loc_52,2016-10-20 04:23:58,C:/Users/nash.l/Documents/Processed photos/point 52 phase 2 (pos2)/Loc_52-20161020-04-23-58-IMG_0081.jpg,RP8,Loc_52_RP8,1.69669879644034,0.0622826738166486,465.828384746939,0.669811900720685,4,0.167452975180171,7
4163,25443,2946,795,545,Fox,Loc_52,2016-10-20 22:28:35,C:/Users/nash.l/Documents/Processed photos/point 52 phase 2 (pos2)/Loc_52-20161020-22-28-35-IMG_0513.jpg,RP8,Loc_52_RP8,2.74847891626237,-0.0880415574321761,1149.37821968868,1.24353434143938,2,0.621767170719691,3
4167,25453,2948,1845,313,Hedgehog,Loc_52,2016-10-21 18:51:57,C:/Users/nash.l/Documents/Processed photos/point 52 phase 2 (pos2)/Loc_52-20161021-18-51-57-IMG_0733.jpg,RP8,Loc_52_RP8,2.00710121731606,0.315642439527583,275.682215958748,0.324456887142165,6,0.0540761478570275,10
4182,25503,2954,578,705,Fox,Loc_52,2016-10-22 02:10:01,C:/Users/nash.l/Documents/Processed photos/point 52 phase 2 (pos2)/Loc_52-20161022-02-10-01-IMG_0783.jpg,RP8,Loc_52_RP8,3.30166528753414,-0.171469583470526,503.498197718885,0.787035222580946,3,0.262345074193649,6
4189,25513,2956,1797,300,Hedgehog,Loc_52,2016-10-22 03:26:36,C:/Users/nash.l/Documents/Processed photos/point 52 phase 2 (pos2)/Loc_52-20161022-03-26-36-IMG_0793.jpg,RP8,Loc_52_RP8,1.94838229031434,0.29718831395228,55.1456933283079,0.0443927959603504,6,0.00739879932672506,10
4201,25533,2959,362,79,Hedgehog,Loc_52,2016-10-22 05:22:56,C:/Users/nash.l/Documents/Processed photos/point 52 phase 2 (pos2)/Loc_52-20161022-05-22-56-IMG_0813.jpg,RP8,Loc_52_RP8,1.41386846339162,-0.254513148559391,342.813003109592,0.328933563391835,2,0.164466781695918,5
4207,25543,2961,96,544,Fox,Loc_52,2016-10-22 05:31:05,C:/Users/nash.l/Documents/Processed photos/point 52 phase 2 (pos2)/Loc_52-20161022-05-31-05-IMG_0823.jpg,RP8,Loc_52_RP8,2.41911019506877,-0.35677976112253,1182.1843628052,1.90531492878084,2,0.952657464390419,5
4213,25553,2963,1666,580,Fox,Loc_52,2016-10-22 20:04:25,C:/Users/nash.l/Documents/Processed photos/point 52 phase 2 (pos2)/Loc_52-20161022-20-04-25-IMG_1283.jpg,RP8,Loc_52_RP8,3.45899252348968,0.246823929569682,1444.4879639208,1.86605625735501,2,0.933028128677506,5
4220,25573,2966,55,220,Hedgehog,Loc_52,2016-10-23 00:36:30,C:/Users/nash.l/Documents/Processed photos/point 52 phase 2 (pos2)/Loc_52-20161023-00-36-30-IMG_1303.jpg,RP8,Loc_52_RP8,1.69857880835472,-0.372542660051435,1206.97453227987,1.23833930396183,13,0.0952568695355254,20
4244,25614,2971,957,729,Fox,Loc_52,2016-10-23 21:22:16,C:/Users/nash.l/Documents/Processed photos/point 52 phase 2 (pos2)/Loc_52-20161023-21-22-16-IMG_1694.jpg,RP8,Loc_52_RP8,3.81724376036248,-0.0257588836155275,426.150317661723,0.692682994865518,4,0.17317074871638,7
4253,25633,2974,1499,85,Hedgehog,Loc_52,2016-10-24 00:17:52,C:/Users/nash.l/Documents/Processed photos/point 52 phase 2 (pos2)/Loc_52-20161024-00-17-52-IMG_1713.jpg,RP8,Loc_52_RP8,1.26696190970022,0.182618951005606,272.990651434405,0.3961778758364,3,0.132059291945467,5
4259,25643,2976,400,55,Hedgehog,Loc_52,2016-10-24 00:18:28,C:/Users/nash.l/Documents/Processed photos/point 52 phase 2 (pos2)/Loc_52-20161024-00-18-28-IMG_1723.jpg,RP8,Loc_52_RP8,1.36548528416877,-0.239903632478943,201.912161663899,0.199517070559803,5,0.0399034141119605,10
4271,25663,2979,971,306,Hedgehog,Loc_52,2016-10-24 01:23:08,C:/Users/nash.l/Documents/Processed photos/point 52 phase 2 (pos2)/Loc_52-20161024-01-23-08-IMG_1743.jpg,RP8,Loc_52_RP8,1.91991355465305,-0.0203764303227307,508.017966323816,0.461395023522441,5,0.0922790047044882,10
4282,25673,2981,1710,560,Fox,Loc_52,2016-10-24 05:23:45,C:/Users/nash.l/Documents/Processed photos/point 52 phase 2 (pos2)/Loc_52-20161024-05-23-45-IMG_1753.jpg,RP8,Loc_52_RP8,3.34703431037306,0.263740211347043,1178.87781244213,1.54750792070637,8,0.193438490088296,12
4298,25713,2986,387,576,Fox,Loc_52,2016-10-24 21:09:25,C:/Users/nash.l/Documents/Processed photos/point 52 phase 2 (pos2)/Loc_52-20161024-21-09-25-IMG_1945.jpg,RP8,Loc_52_RP8,2.65557922209023,-0.244901624822254,445.480977506016,0.500813558559558,3,0.166937852853186,6
4308,25753,2991,488,614,Hedgehog,Loc_52,2016-10-25 06:16:01,C:/Users/nash.l/Documents/Processed photos/point 52 phase 2 (pos2)/Loc_52-20161025-06-16-01-IMG_1985.jpg,RP8,Loc_52_RP8,2.85095399253241,-0.20607106892422,865.143320389346,1.0470448549719,5,0.209408970994381,10
4320,25773,2994,51,220,Hedgehog,Loc_52,2016-10-26 00:11:39,C:/Users/nash.l/Documents/Processed photos/point 52 phase 2 (pos2)/Loc_52-20161026-00-11-39-IMG_2225.jpg,RP8,Loc_52_RP8,1.69871286388928,-0.374080503849377,292.987696669884,0.349620595163188,3,0.116540198387729,6
4327,25783,2996,1869,306,Hedgehog,Loc_52,2016-10-26 00:13:45,C:/Users/nash.l/Documents/Processed photos/point 52 phase 2 (pos2)/Loc_52-20161026-00-13-45-IMG_2235.jpg,RP8,Loc_52_RP8,1.97836841041257,0.324869502315235,284.241102345373,0.554121188231614,6,0.0923535313719357,10
4339,25803,2999,1049,140,Hedgehog,Loc_52,2016-10-27 03:29:38,C:/Users/nash.l/Documents/Processed photos/point 52 phase 2 (pos2)/Loc_52-20161027-03-29-38-IMG_2415.jpg,RP8,Loc_52_RP8,1.45582426060138,0.00961152373713713,715.429943345034,0.680409318924009,6,0.113401553154002,10
4350,25814,3001,812,158,Hedgehog,Loc_52,2016-10-27 19:13:57,C:/Users/nash.l/Documents/Processed photos/point 52 phase 2 (pos2)/Loc_52-20161027-19-13-57-IMG_3539.jpg,RP8,Loc_52_RP8,1.52137191110536,-0.0815057212909229,1115.34872371263,0.760853750225119,4,0.19021343755628,8
4364,25873,3008,44,223,Hedgehog,Loc_52,2016-10-30 22:11:18,C:/Users/nash.l/Documents/Processed photos/point 52 phase 2 (pos2)/Loc_52-20161030-22-11-18-IMG_4358.jpg,RP8,Loc_52_RP8,1.70436767005679,-0.376771730495776,768.107209830651,0.578103225105052,2,0.289051612552526,5
4371,25893,3011,665,352,Fox,Loc_52,2016-10-31 20:56:25,C:/Users/nash.l/Documents/Processed photos/point 52 phase 2 (pos2)/Loc_52-20161031-20-56-25-IMG_4518.jpg,RP8,Loc_52_RP8,2.03104037804746,-0.138021480865289,475.379848121479,0.375008953566136,1,0.375008953566136,2
4375,25923,3014,1213,289,Hedgehog,Loc_52,2016-10-31 23:35:21,C:/Users/nash.l/Documents/Processed photos/point 52 phase 2 (pos2)/Loc_52-20161031-23-35-21-IMG_4548.jpg,RP8,Loc_52_RP8,1.87767789480756,0.0726631194527567,486.450463542641,0.452193230121097,5,0.0904386460242194,10
4428,27053,3058,644,705,Fox,Loc_53,2016-10-13 19:32:31,C:/Users/nash.l/Documents/Processed photos/point 53 phase 1 (cam2-rh4)/Loc_53-20161013-19-32-31-IMG_0261.jpg,RH4,Loc_53_RH4,4.99959471285431,-0.146095160804484,685.954380714069,1.63192735563304,13,0.125532873510234,20
4471,27169,3082,1010,847,Fox,Loc_54,2016-10-19 22:19:01,C:/Users/nash.l/Documents/Processed photos/point 54 phase 2/Loc_54-20161019-22-19-01-PICT0955.jpg,BM2,Loc_54_BM2,4.31181465191944,-0.00605285924859424,690.938492197388,1.32570860334442,1,1.32570860334442,2
4476,27285,3086,-536,422,Fox,Loc_54,2016-10-28 01:39:11,C:/Users/nash.l/Documents/Processed photos/point 54 phase 2/Loc_54-20161028-01-39-11-PICT0355.jpg,BM2,Loc_54_BM2,1.47806815020066,-0.674461459129073,77.6659513557904,0.14475250604427,1.83255787037037,0.0789893232757852,2
4501,27352,3110,1640,650,Fox,Loc_55,2016-10-03 20:10:45,C:/Users/nash.l/Documents/Processed photos/point 55 phase 1/Loc_55-20161003-20-10-45-IMG_0101.jpg,RH1,Loc_55_RH1,1.58246572619307,0.236827944883059,1274.24487442563,1.09167064573062,2,0.545835322865311,2
4504,27362,3112,475,525,Fox,Loc_55,2016-10-07 05:38:56,C:/Users/nash.l/Documents/Processed photos/point 55 phase 1/Loc_55-20161007-05-38-56-IMG_0981.jpg,RH1,Loc_55_RH1,1.41724725231846,-0.211069061267531,1241.75520937099,1.87399609461963,2,0.936998047309815,2
4507,27372,3114,1273,670,Fox,Loc_55,2016-10-07 19:55:42,C:/Users/nash.l/Documents/Processed photos/point 55 phase 1/Loc_55-20161007-19-55-42-IMG_0121.jpg,RH1,Loc_55_RH1,1.68819250767587,0.0957307764218858,1028.60147773567,0.648716617426537,7,0.0926738024895053,10
4527,27552,3122,1115,785,Fox,Loc_56,2016-10-23 04:11:39,C:/Users/nash.l/Documents/Processed photos/point 56 phase 2/Loc_56-20161023-04-11-39-IMG_0091.jpg,RP4,Loc_56_RP4,5.54208016598481,0.0349859464031792,541.577325965554,1.75927210152351,1,1.75927210152351,2
4530,27572,3124,1227,788,Fox,Loc_56,2016-10-25 02:13:10,C:/Users/nash.l/Documents/Processed photos/point 56 phase 2/Loc_56-20161025-02-13-10-IMG_0111.jpg,RP4,Loc_56_RP4,5.86234830862731,0.0780455727455535,705.569677007886,2.2016334154444,1,2.2016334154444,3
4540,27676,3129,1827,628,Fox,Loc_56,2016-10-29 23:53:06,C:/Users/nash.l/Documents/Processed photos/point 56 phase 2/Loc_56-20161029-23-53-06-IMG_0215.jpg,RP4,Loc_56_RP4,2.50432195005001,0.308722142436845,776.796216234073,2.45059869632108,3,0.816866232107027,6
4547,27682,3131,1054,765,Fox,Loc_56,2016-10-29 23:53:37,C:/Users/nash.l/Documents/Processed photos/point 56 phase 2/Loc_56-20161029-23-53-37-IMG_0221.jpg,RP4,Loc_56_RP4,4.6372174624425,0.0115338284845646,584.759164593706,1.4728604734963,1,1.4728604734963,4
4664,28254,3228,589,752,Fox,Loc_57,2016-10-13 00:43:34,C:/Users/nash.l/Documents/Processed photos/point 57 phase 1/Loc_57-20161013-00-43-34-IMG_0333.jpg,RP4,Loc_57_RP4,2.24034878222209,-0.167240513026186,240.678898900705,1.06221406644408,9,0.118023785160453,8
4706,28438,3263,1676,365,Fox,Loc_58,2016-10-07 00:17:07,C:/Users/nash.l/Documents/Processed photos/point 58 phase 1/Loc_58-20161007-00-17-07-EK000200.jpg,BH1,Loc_58_BH1,1.10238553762297,0.281890302148818,1456.35847235493,0.65251941218045,1,0.65251941218045,2
4721,28506,3277,1701,697,Fox,Loc_58,2016-10-12 04:16:41,C:/Users/nash.l/Documents/Processed photos/point 58 phase 1/Loc_58-20161012-04-16-41-EK000328.jpg,BH1,Loc_58_BH1,1.90634856002942,0.29269897937845,1583.92794379601,1.34790298651433,1,1.34790298651433,3
4727,28512,3281,1545,603,Fox,Loc_58,2016-10-12 21:55:58,C:/Users/nash.l/Documents/Processed photos/point 58 phase 1/Loc_58-20161012-21-55-58-EK000337.jpg,BH1,Loc_58_BH1,1.59660136662989,0.225252833465543,1279.05746547995,0.945490939805142,1,0.945490939805142,2
4827,28736,3360,1419,507,Fox,Loc_60,2016-10-18 02:54:37,C:/Users/nash.l/Documents/Processed photos/point 60 phase 2/Loc_60-20161018-02-54-37-IMG_0161.jpg,RH3,Loc_60_RH3,5.0466466924087,0.151862075046767,195.078105935821,0.383479759418395,7,0.0547828227740565,10
4842,28789,3366,162,320,Fox,Loc_60,2016-10-19 05:02:16,C:/Users/nash.l/Documents/Processed photos/point 60 phase 2/Loc_60-20161019-05-02-16-IMG_0267.jpg,RH3,Loc_60_RH3,2.84112138550915,-0.331405338456488,1429.08555924904,2.5502195037762,3,0.8500731679254,4
4850,28826,3371,1448,488,Fox,Loc_60,2016-10-21 00:41:29,C:/Users/nash.l/Documents/Processed photos/point 60 phase 2/Loc_60-20161021-00-41-29-IMG_0416.jpg,RH3,Loc_60_RH3,4.57422022187463,0.163011442581846,410.207757272719,1.29905037929455,2,0.649525189647274,4
4854,28836,3372,2204,555,Fox,Loc_60,2016-10-22 00:00:21,C:/Users/nash.l/Documents/Processed photos/point 60 phase 2/Loc_60-20161022-00-00-21-IMG_0476.jpg,RH3,Loc_60_RH3,5.87907943391948,0.453663920392873,8.06225774829855,0.277240124205848,30.25,0.00916496278366441,2
4857,28847,3374,1737,514,Fox,Loc_60,2016-10-22 00:30:36,C:/Users/nash.l/Documents/Processed photos/point 60 phase 2/Loc_60-20161022-00-30-36-IMG_0487.jpg,RH3,Loc_60_RH3,5.00486091611979,0.274120656983151,615.633560541824,1.38420574849809,2,0.692102874249045,3
4861,28856,3376,165,388,Fox,Loc_60,2016-10-23 02:23:52,C:/Users/nash.l/Documents/Processed photos/point 60 phase 2/Loc_60-20161023-02-23-52-IMG_0526.jpg,RH3,Loc_60_RH3,3.50697088362431,-0.330251955608032,194.70469991072,0.303492622696694,7,0.0433560889566706,10
4874,28892,3380,1754,541,Fox,Loc_60,2016-10-24 00:05:59,C:/Users/nash.l/Documents/Processed photos/point 60 phase 2/Loc_60-20161024-00-05-59-IMG_0612.jpg,RH3,Loc_60_RH3,5.81495300793853,0.280656493124404,411.36890988798,1.12470468604203,3,0.374901562014011,4
4880,28916,3383,1432,546,Fox,Loc_60,2016-10-26 01:03:39,C:/Users/nash.l/Documents/Processed photos/point 60 phase 2/Loc_60-20161026-01-03-39-IMG_0698.jpg,RH3,Loc_60_RH3,6.35596704439278,0.156860067390078,354.141168959462,0.930152327096695,6,0.155025387849449,10
4959,29432,3453,923,712,Fox,Loc_61,2016-10-12 20:59:45,C:/Users/nash.l/Documents/Processed photos/point 61 phase 1 (cam2-rh3)/Loc_61-20161012-20-59-45-IMG_0320.jpg,RH3,Loc_61_RH3,5.43815485332735,-0.038830555898034,503.195836876604,1.28366062686937,2,0.641830313434687,4
4966,29471,3457,168,582,Fox,Loc_61,2016-10-15 07:02:03,C:/Users/nash.l/Documents/Processed photos/point 61 phase 1 (cam2-rh3)/Loc_61-20161015-07-02-03-IMG_0769.jpg,RH3,Loc_61_RH3,3.43264299300346,-0.329098572759575,364.442234876241,3.29602814812725,3,1.09867604937575,5
5014,29830,3499,947,135,Fox,Loc_63,2016-10-06 02:55:41,C:/Users/nash.l/Documents/Processed photos/point 63 phase 1/Loc_63-20161006-02-55-41-EK000025.jpg,BH9,Loc_63_BH9,0.743452370610978,-0.0332907258672683,546.255778354094,0.255985490768163,2,0.127992745384082,3
5018,30055,3501,258,384,Fox,Loc_65,2016-10-19 03:19:58,C:/Users/nash.l/Documents/Processed photos/point 65 phase 2/Loc_65-20161019-03-19-58-IMG_0001.jpg,RP7,Loc_65_RP7,2.92103085069734,-0.294497087305882,1125.04888306136,2.57711591200842,2,1.28855795600421,4
5027,30126,3507,153,271,Fox,Loc_65,2016-10-25 19:55:54,C:/Users/nash.l/Documents/Processed photos/point 65 phase 2/Loc_65-20161025-19-55-54-IMG_0072.jpg,RP7,Loc_65_RP7,2.17588444205081,-0.334865487001858,188.042548376691,1.09007776322662,1,1.09007776322662,2
5032,30145,3511,1910,545,Fox,Loc_65,2016-10-27 22:17:23,C:/Users/nash.l/Documents/Processed photos/point 65 phase 2/Loc_65-20161027-22-17-23-IMG_0091.jpg,RP7,Loc_65_RP7,6.01818523019888,0.34063240124414,418.703529730688,2.57290241562704,6,0.428817069271173,10
5111,30355,3581,192,505,Fox,Loc_65,2016-10-31 21:51:10,C:/Users/nash.l/Documents/Processed photos/point 65 phase 2/Loc_65-20161031-21-51-10-IMG_0301.jpg,RP7,Loc_65_RP7,4.52721165728214,-0.319871509971924,119.268604418766,0.276238272343463,4,0.0690595680858656,7
5119,30375,3583,1954,319,Hedgehog,Loc_66,2016-10-03 21:29:08,C:/Users/nash.l/Documents/Processed photos/point 66 phase 1/Loc_66-20161003-21-29-08-IMG_0001.jpg,RP7,Loc_66_RP7,1.36384640162911,0.357548683021501,651.237897554788,0.535100599421406,9,0.059455622157934,10
5130,30385,3585,1066,265,Hedgehog,Loc_66,2016-10-03 21:29:19,C:/Users/nash.l/Documents/Processed photos/point 66 phase 1/Loc_66-20161003-21-29-19-IMG_0011.jpg,RP7,Loc_66_RP7,1.41759188313102,0.0161473598783904,515.810650557496,0.341312608305204,3,0.113770869435068,4
5137,30405,3589,2014,468,Hedgehog,Loc_66,2016-10-05 21:53:57,C:/Users/nash.l/Documents/Processed photos/point 66 phase 1/Loc_66-20161005-21-53-57-IMG_0031.jpg,RP7,Loc_66_RP7,1.67681438153281,0.38061633999063,1732.93956528011,1.1152852700159,4,0.278821317503975,4
5146,30425,3595,2047,608,Hedgehog,Loc_66,2016-10-06 21:55:10,C:/Users/nash.l/Documents/Processed photos/point 66 phase 1/Loc_66-20161006-21-55-10-IMG_0051.jpg,RP7,Loc_66_RP7,2.13449622885028,0.393303551323651,483.820743508774,0.903563552044296,13,0.069504888618792,14
5162,30445,3598,825,713,Hedgehog,Loc_66,2016-10-06 21:56:27,C:/Users/nash.l/Documents/Processed photos/point 66 phase 1/Loc_66-20161006-21-56-27-IMG_0071.jpg,RP7,Loc_66_RP7,3.09691357735835,-0.0765077289476116,341.294628642346,0.470078352934684,9,0.0522309281038538,10
5174,30465,3601,1495,586,Fox,Loc_66,2016-10-06 23:04:30,C:/Users/nash.l/Documents/Processed photos/point 66 phase 1/Loc_66-20161006-23-04-30-IMG_0091.jpg,RP7,Loc_66_RP7,2.18198343299259,0.181081107207664,977.491292125135,1.3272685645831,2,0.66363428229155,3
5212,30455,3637,357,677,Hedgehog,Loc_66,2016-10-06 21:56:40,C:/Users/nash.l/Documents/Processed photos/point 66 phase 1/Loc_66-20161006-21-56-40-IMG_0081.jpg,RP7,Loc_66_RP7,3.03328940544727,-0.256435453306819,195.247015206664,0.371129889735762,6,0.061854981622627,8
5224,30575,3642,1722,328,Hedgehog,Loc_66,2016-10-07 22:09:00,C:/Users/nash.l/Documents/Processed photos/point 66 phase 1/Loc_66-20161007-22-09-00-IMG_0101.jpg,RP7,Loc_66_RP7,1.41782466359991,0.268353742740869,1433.87260553411,1.22814438221454,6,0.20469073036909,7
5233,30605,3645,840,731,Hedgehog,Loc_66,2016-10-08 05:44:36,C:/Users/nash.l/Documents/Processed photos/point 66 phase 1/Loc_66-20161008-05-44-36-IMG_0131.jpg,RP7,Loc_66_RP7,3.22832791563079,-0.0707408147053293,90.9442719099992,0.186135256229369,10,0.0186135256229369,10
5244,30616,3647,1150,762,Hedgehog,Loc_66,2016-10-08 05:45:05,C:/Users/nash.l/Documents/Processed photos/point 66 phase 1/Loc_66-20161008-05-45-05-IMG_0142.jpg,RP7,Loc_66_RP7,3.36114093800082,0.0484420796351711,185.451966150936,0.471197449427864,6,0.0785329082379773,9
5254,30625,3649,1404,590,Hedgehog,Loc_66,2016-10-08 05:45:22,C:/Users/nash.l/Documents/Processed photos/point 66 phase 1/Loc_66-20161008-05-45-22-IMG_0151.jpg,RP7,Loc_66_RP7,2.22266824679589,0.146095160804484,571.507655241817,0.613964356283085,1,0.613964356283085,2
5258,30665,3652,996,739,Fox,Loc_66,2016-10-10 00:05:29,C:/Users/nash.l/Documents/Processed photos/point 66 phase 1/Loc_66-20161010-00-05-29-IMG_0191.jpg,RP7,Loc_66_RP7,3.22898377101997,-0.0107649065855936,545.817735146083,0.952753695742682,1,0.952753695742682,2
5377,32696,3762,1275,599,Fox,Loc_68,2016-10-07 21:18:44,C:/Users/nash.l/Documents/Processed photos/point 68 phase 1/Loc_68-20161007-21-18-44-IMG_1742.jpg,RP1,Loc_68_RP1,6.93357486006615,0.0964996983208568,939.22523128814,2.79966694243892,2,1.39983347121946,3
